--
-- PostgreSQL database dump
--

-- Dumped from database version 11.17
-- Dumped by pg_dump version 11.17

-- Started on 2024-08-01 09:46:47

SET statement_timeout = 0;
SET lock_timeout = 0;
SET idle_in_transaction_session_timeout = 0;
SET client_encoding = 'UTF8';
SET standard_conforming_strings = on;
SELECT pg_catalog.set_config('search_path', '', false);
SET check_function_bodies = false;
SET xmloption = content;
SET client_min_messages = warning;
SET row_security = off;

SET default_tablespace = '';

SET default_with_oids = false;

--
-- TOC entry 227 (class 1259 OID 61701)
-- Name: account_emailaddress; Type: TABLE; Schema: public; Owner: postgres
--

CREATE TABLE public.account_emailaddress (
    id integer NOT NULL,
    email character varying(254) NOT NULL,
    verified boolean NOT NULL,
    "primary" boolean NOT NULL,
    user_id integer NOT NULL
);


ALTER TABLE public.account_emailaddress OWNER TO soemantr_toba_register;

--
-- TOC entry 226 (class 1259 OID 61699)
-- Name: account_emailaddress_id_seq; Type: SEQUENCE; Schema: public; Owner: postgres
--

CREATE SEQUENCE public.account_emailaddress_id_seq
    AS integer
    START WITH 1
    INCREMENT BY 1
    NO MINVALUE
    NO MAXVALUE
    CACHE 1;


ALTER TABLE public.account_emailaddress_id_seq OWNER TO soemantr_toba_register;

--
-- TOC entry 3319 (class 0 OID 0)
-- Dependencies: 226
-- Name: account_emailaddress_id_seq; Type: SEQUENCE OWNED BY; Schema: public; Owner: postgres
--

ALTER SEQUENCE public.account_emailaddress_id_seq OWNED BY public.account_emailaddress.id;


--
-- TOC entry 229 (class 1259 OID 61711)
-- Name: account_emailconfirmation; Type: TABLE; Schema: public; Owner: postgres
--

CREATE TABLE public.account_emailconfirmation (
    id integer NOT NULL,
    created timestamp with time zone NOT NULL,
    sent timestamp with time zone,
    key character varying(64) NOT NULL,
    email_address_id integer NOT NULL
);


ALTER TABLE public.account_emailconfirmation OWNER TO soemantr_toba_register;

--
-- TOC entry 228 (class 1259 OID 61709)
-- Name: account_emailconfirmation_id_seq; Type: SEQUENCE; Schema: public; Owner: postgres
--

CREATE SEQUENCE public.account_emailconfirmation_id_seq
    AS integer
    START WITH 1
    INCREMENT BY 1
    NO MINVALUE
    NO MAXVALUE
    CACHE 1;


ALTER TABLE public.account_emailconfirmation_id_seq OWNER TO soemantr_toba_register;

--
-- TOC entry 3320 (class 0 OID 0)
-- Dependencies: 228
-- Name: account_emailconfirmation_id_seq; Type: SEQUENCE OWNED BY; Schema: public; Owner: postgres
--

ALTER SEQUENCE public.account_emailconfirmation_id_seq OWNED BY public.account_emailconfirmation.id;


--
-- TOC entry 203 (class 1259 OID 61353)
-- Name: auth_group; Type: TABLE; Schema: public; Owner: postgres
--

CREATE TABLE public.auth_group (
    id integer NOT NULL,
    name character varying(150) NOT NULL
);


ALTER TABLE public.auth_group OWNER TO soemantr_toba_register;

--
-- TOC entry 202 (class 1259 OID 61351)
-- Name: auth_group_id_seq; Type: SEQUENCE; Schema: public; Owner: postgres
--

ALTER TABLE public.auth_group ALTER COLUMN id ADD GENERATED BY DEFAULT AS IDENTITY (
    SEQUENCE NAME public.auth_group_id_seq
    START WITH 1
    INCREMENT BY 1
    NO MINVALUE
    NO MAXVALUE
    CACHE 1
);


--
-- TOC entry 205 (class 1259 OID 61362)
-- Name: auth_group_permissions; Type: TABLE; Schema: public; Owner: postgres
--

CREATE TABLE public.auth_group_permissions (
    id bigint NOT NULL,
    group_id integer NOT NULL,
    permission_id integer NOT NULL
);


ALTER TABLE public.auth_group_permissions OWNER TO soemantr_toba_register;

--
-- TOC entry 204 (class 1259 OID 61360)
-- Name: auth_group_permissions_id_seq; Type: SEQUENCE; Schema: public; Owner: postgres
--

ALTER TABLE public.auth_group_permissions ALTER COLUMN id ADD GENERATED BY DEFAULT AS IDENTITY (
    SEQUENCE NAME public.auth_group_permissions_id_seq
    START WITH 1
    INCREMENT BY 1
    NO MINVALUE
    NO MAXVALUE
    CACHE 1
);


--
-- TOC entry 201 (class 1259 OID 61346)
-- Name: auth_permission; Type: TABLE; Schema: public; Owner: postgres
--

CREATE TABLE public.auth_permission (
    id integer NOT NULL,
    name character varying(255) NOT NULL,
    content_type_id integer NOT NULL,
    codename character varying(100) NOT NULL
);


ALTER TABLE public.auth_permission OWNER TO soemantr_toba_register;

--
-- TOC entry 200 (class 1259 OID 61344)
-- Name: auth_permission_id_seq; Type: SEQUENCE; Schema: public; Owner: postgres
--

ALTER TABLE public.auth_permission ALTER COLUMN id ADD GENERATED BY DEFAULT AS IDENTITY (
    SEQUENCE NAME public.auth_permission_id_seq
    START WITH 1
    INCREMENT BY 1
    NO MINVALUE
    NO MAXVALUE
    CACHE 1
);


--
-- TOC entry 207 (class 1259 OID 61369)
-- Name: auth_user; Type: TABLE; Schema: public; Owner: postgres
--

CREATE TABLE public.auth_user (
    id integer NOT NULL,
    password character varying(128) NOT NULL,
    last_login timestamp with time zone,
    is_superuser boolean NOT NULL,
    username character varying(150) NOT NULL,
    first_name character varying(150) NOT NULL,
    last_name character varying(150) NOT NULL,
    email character varying(254) NOT NULL,
    is_staff boolean NOT NULL,
    is_active boolean NOT NULL,
    date_joined timestamp with time zone NOT NULL
);


ALTER TABLE public.auth_user OWNER TO soemantr_toba_register;

--
-- TOC entry 209 (class 1259 OID 61378)
-- Name: auth_user_groups; Type: TABLE; Schema: public; Owner: postgres
--

CREATE TABLE public.auth_user_groups (
    id bigint NOT NULL,
    user_id integer NOT NULL,
    group_id integer NOT NULL
);


ALTER TABLE public.auth_user_groups OWNER TO soemantr_toba_register;

--
-- TOC entry 208 (class 1259 OID 61376)
-- Name: auth_user_groups_id_seq; Type: SEQUENCE; Schema: public; Owner: postgres
--

ALTER TABLE public.auth_user_groups ALTER COLUMN id ADD GENERATED BY DEFAULT AS IDENTITY (
    SEQUENCE NAME public.auth_user_groups_id_seq
    START WITH 1
    INCREMENT BY 1
    NO MINVALUE
    NO MAXVALUE
    CACHE 1
);


--
-- TOC entry 206 (class 1259 OID 61367)
-- Name: auth_user_id_seq; Type: SEQUENCE; Schema: public; Owner: postgres
--

ALTER TABLE public.auth_user ALTER COLUMN id ADD GENERATED BY DEFAULT AS IDENTITY (
    SEQUENCE NAME public.auth_user_id_seq
    START WITH 1
    INCREMENT BY 1
    NO MINVALUE
    NO MAXVALUE
    CACHE 1
);


--
-- TOC entry 211 (class 1259 OID 61385)
-- Name: auth_user_user_permissions; Type: TABLE; Schema: public; Owner: postgres
--

CREATE TABLE public.auth_user_user_permissions (
    id bigint NOT NULL,
    user_id integer NOT NULL,
    permission_id integer NOT NULL
);


ALTER TABLE public.auth_user_user_permissions OWNER TO soemantr_toba_register;

--
-- TOC entry 210 (class 1259 OID 61383)
-- Name: auth_user_user_permissions_id_seq; Type: SEQUENCE; Schema: public; Owner: postgres
--

ALTER TABLE public.auth_user_user_permissions ALTER COLUMN id ADD GENERATED BY DEFAULT AS IDENTITY (
    SEQUENCE NAME public.auth_user_user_permissions_id_seq
    START WITH 1
    INCREMENT BY 1
    NO MINVALUE
    NO MAXVALUE
    CACHE 1
);


--
-- TOC entry 213 (class 1259 OID 61444)
-- Name: django_admin_log; Type: TABLE; Schema: public; Owner: postgres
--

CREATE TABLE public.django_admin_log (
    id integer NOT NULL,
    action_time timestamp with time zone NOT NULL,
    object_id text,
    object_repr character varying(200) NOT NULL,
    action_flag smallint NOT NULL,
    change_message text NOT NULL,
    content_type_id integer,
    user_id integer NOT NULL,
    CONSTRAINT django_admin_log_action_flag_check CHECK ((action_flag >= 0))
);


ALTER TABLE public.django_admin_log OWNER TO soemantr_toba_register;

--
-- TOC entry 212 (class 1259 OID 61442)
-- Name: django_admin_log_id_seq; Type: SEQUENCE; Schema: public; Owner: postgres
--

ALTER TABLE public.django_admin_log ALTER COLUMN id ADD GENERATED BY DEFAULT AS IDENTITY (
    SEQUENCE NAME public.django_admin_log_id_seq
    START WITH 1
    INCREMENT BY 1
    NO MINVALUE
    NO MAXVALUE
    CACHE 1
);


--
-- TOC entry 199 (class 1259 OID 61337)
-- Name: django_content_type; Type: TABLE; Schema: public; Owner: postgres
--

CREATE TABLE public.django_content_type (
    id integer NOT NULL,
    app_label character varying(100) NOT NULL,
    model character varying(100) NOT NULL
);


ALTER TABLE public.django_content_type OWNER TO soemantr_toba_register;

--
-- TOC entry 198 (class 1259 OID 61335)
-- Name: django_content_type_id_seq; Type: SEQUENCE; Schema: public; Owner: postgres
--

ALTER TABLE public.django_content_type ALTER COLUMN id ADD GENERATED BY DEFAULT AS IDENTITY (
    SEQUENCE NAME public.django_content_type_id_seq
    START WITH 1
    INCREMENT BY 1
    NO MINVALUE
    NO MAXVALUE
    CACHE 1
);


--
-- TOC entry 197 (class 1259 OID 61327)
-- Name: django_migrations; Type: TABLE; Schema: public; Owner: postgres
--

CREATE TABLE public.django_migrations (
    id bigint NOT NULL,
    app character varying(255) NOT NULL,
    name character varying(255) NOT NULL,
    applied timestamp with time zone NOT NULL
);


ALTER TABLE public.django_migrations OWNER TO soemantr_toba_register;

--
-- TOC entry 196 (class 1259 OID 61325)
-- Name: django_migrations_id_seq; Type: SEQUENCE; Schema: public; Owner: postgres
--

ALTER TABLE public.django_migrations ALTER COLUMN id ADD GENERATED BY DEFAULT AS IDENTITY (
    SEQUENCE NAME public.django_migrations_id_seq
    START WITH 1
    INCREMENT BY 1
    NO MINVALUE
    NO MAXVALUE
    CACHE 1
);


--
-- TOC entry 214 (class 1259 OID 61474)
-- Name: django_session; Type: TABLE; Schema: public; Owner: postgres
--

CREATE TABLE public.django_session (
    session_key character varying(40) NOT NULL,
    session_data text NOT NULL,
    expire_date timestamp with time zone NOT NULL
);


ALTER TABLE public.django_session OWNER TO soemantr_toba_register;

--
-- TOC entry 216 (class 1259 OID 61486)
-- Name: django_site; Type: TABLE; Schema: public; Owner: postgres
--

CREATE TABLE public.django_site (
    id integer NOT NULL,
    domain character varying(100) NOT NULL,
    name character varying(50) NOT NULL
);


ALTER TABLE public.django_site OWNER TO soemantr_toba_register;

--
-- TOC entry 215 (class 1259 OID 61484)
-- Name: django_site_id_seq; Type: SEQUENCE; Schema: public; Owner: postgres
--

ALTER TABLE public.django_site ALTER COLUMN id ADD GENERATED BY DEFAULT AS IDENTITY (
    SEQUENCE NAME public.django_site_id_seq
    START WITH 1
    INCREMENT BY 1
    NO MINVALUE
    NO MAXVALUE
    CACHE 1
);


--
-- TOC entry 255 (class 1259 OID 62012)
-- Name: feedback_feedback; Type: TABLE; Schema: public; Owner: postgres
--

CREATE TABLE public.feedback_feedback (
    id integer NOT NULL,
    satisfaction character varying(20) NOT NULL,
    type character varying(20) NOT NULL,
    page character varying(40) NOT NULL,
    message text,
    attachment character varying(100),
    created_at timestamp with time zone NOT NULL,
    user_id integer NOT NULL
);


ALTER TABLE public.feedback_feedback OWNER TO soemantr_toba_register;

--
-- TOC entry 254 (class 1259 OID 62010)
-- Name: feedback_feedback_id_seq; Type: SEQUENCE; Schema: public; Owner: postgres
--

CREATE SEQUENCE public.feedback_feedback_id_seq
    AS integer
    START WITH 1
    INCREMENT BY 1
    NO MINVALUE
    NO MAXVALUE
    CACHE 1;


ALTER TABLE public.feedback_feedback_id_seq OWNER TO soemantr_toba_register;

--
-- TOC entry 3321 (class 0 OID 0)
-- Dependencies: 254
-- Name: feedback_feedback_id_seq; Type: SEQUENCE OWNED BY; Schema: public; Owner: postgres
--

ALTER SEQUENCE public.feedback_feedback_id_seq OWNED BY public.feedback_feedback.id;


--
-- TOC entry 258 (class 1259 OID 62038)
-- Name: landing_swiper; Type: TABLE; Schema: public; Owner: postgres
--

CREATE TABLE public.landing_swiper (
    "order" integer NOT NULL,
    is_show boolean NOT NULL,
    slide_id uuid NOT NULL
);


ALTER TABLE public.landing_swiper OWNER TO soemantr_toba_register;

--
-- TOC entry 257 (class 1259 OID 62036)
-- Name: landing_swiper_order_seq; Type: SEQUENCE; Schema: public; Owner: postgres
--

CREATE SEQUENCE public.landing_swiper_order_seq
    AS integer
    START WITH 1
    INCREMENT BY 1
    NO MINVALUE
    NO MAXVALUE
    CACHE 1;


ALTER TABLE public.landing_swiper_order_seq OWNER TO soemantr_toba_register;

--
-- TOC entry 3322 (class 0 OID 0)
-- Dependencies: 257
-- Name: landing_swiper_order_seq; Type: SEQUENCE OWNED BY; Schema: public; Owner: postgres
--

ALTER SEQUENCE public.landing_swiper_order_seq OWNED BY public.landing_swiper."order";


--
-- TOC entry 256 (class 1259 OID 62027)
-- Name: landing_swiperslide; Type: TABLE; Schema: public; Owner: postgres
--

CREATE TABLE public.landing_swiperslide (
    id uuid NOT NULL,
    category character varying(20) NOT NULL,
    title character varying(255),
    subtitle character varying(255),
    description text,
    button_text character varying(255),
    event_speaker character varying(255),
    event_speaker_origin character varying(255),
    event_registration_link character varying(255),
    event_start timestamp with time zone,
    event_end timestamp with time zone,
    event_is_online boolean,
    video_duration integer,
    video_link character varying(255),
    product_link character varying(255),
    font_color character varying(18),
    background_colors jsonb,
    is_active boolean NOT NULL,
    created_at timestamp with time zone NOT NULL,
    updated_at timestamp with time zone NOT NULL,
    image character varying(100),
    CONSTRAINT landing_swiperslide_video_duration_check CHECK ((video_duration >= 0))
);


ALTER TABLE public.landing_swiperslide OWNER TO soemantr_toba_register;

--
-- TOC entry 259 (class 1259 OID 62050)
-- Name: payments_product; Type: TABLE; Schema: public; Owner: postgres
--

CREATE TABLE public.payments_product (
    id uuid NOT NULL,
    transaction_status character varying(20),
    transaction_details jsonb NOT NULL,
    created_at timestamp with time zone NOT NULL,
    updated_at timestamp with time zone NOT NULL,
    deleted_at timestamp with time zone,
    subscription_plan_id integer NOT NULL,
    user_id integer NOT NULL
);


ALTER TABLE public.payments_product OWNER TO soemantr_toba_register;

--
-- TOC entry 231 (class 1259 OID 61738)
-- Name: push_notifications_apnsdevice; Type: TABLE; Schema: public; Owner: postgres
--

CREATE TABLE public.push_notifications_apnsdevice (
    id integer NOT NULL,
    name character varying(255),
    active boolean NOT NULL,
    date_created timestamp with time zone,
    device_id uuid,
    registration_id character varying(200) NOT NULL,
    user_id integer,
    application_id character varying(64)
);


ALTER TABLE public.push_notifications_apnsdevice OWNER TO soemantr_toba_register;

--
-- TOC entry 230 (class 1259 OID 61736)
-- Name: push_notifications_apnsdevice_id_seq; Type: SEQUENCE; Schema: public; Owner: postgres
--

CREATE SEQUENCE public.push_notifications_apnsdevice_id_seq
    AS integer
    START WITH 1
    INCREMENT BY 1
    NO MINVALUE
    NO MAXVALUE
    CACHE 1;


ALTER TABLE public.push_notifications_apnsdevice_id_seq OWNER TO soemantr_toba_register;

--
-- TOC entry 3323 (class 0 OID 0)
-- Dependencies: 230
-- Name: push_notifications_apnsdevice_id_seq; Type: SEQUENCE OWNED BY; Schema: public; Owner: postgres
--

ALTER SEQUENCE public.push_notifications_apnsdevice_id_seq OWNED BY public.push_notifications_apnsdevice.id;


--
-- TOC entry 233 (class 1259 OID 61748)
-- Name: push_notifications_gcmdevice; Type: TABLE; Schema: public; Owner: postgres
--

CREATE TABLE public.push_notifications_gcmdevice (
    id integer NOT NULL,
    name character varying(255),
    active boolean NOT NULL,
    date_created timestamp with time zone,
    device_id bigint,
    registration_id text NOT NULL,
    user_id integer,
    cloud_message_type character varying(3) NOT NULL,
    application_id character varying(64)
);


ALTER TABLE public.push_notifications_gcmdevice OWNER TO soemantr_toba_register;

--
-- TOC entry 232 (class 1259 OID 61746)
-- Name: push_notifications_gcmdevice_id_seq; Type: SEQUENCE; Schema: public; Owner: postgres
--

CREATE SEQUENCE public.push_notifications_gcmdevice_id_seq
    AS integer
    START WITH 1
    INCREMENT BY 1
    NO MINVALUE
    NO MAXVALUE
    CACHE 1;


ALTER TABLE public.push_notifications_gcmdevice_id_seq OWNER TO soemantr_toba_register;

--
-- TOC entry 3324 (class 0 OID 0)
-- Dependencies: 232
-- Name: push_notifications_gcmdevice_id_seq; Type: SEQUENCE OWNED BY; Schema: public; Owner: postgres
--

ALTER SEQUENCE public.push_notifications_gcmdevice_id_seq OWNED BY public.push_notifications_gcmdevice.id;


--
-- TOC entry 237 (class 1259 OID 61799)
-- Name: push_notifications_webpushdevice; Type: TABLE; Schema: public; Owner: postgres
--

CREATE TABLE public.push_notifications_webpushdevice (
    id integer NOT NULL,
    name character varying(255),
    active boolean NOT NULL,
    date_created timestamp with time zone,
    application_id character varying(64),
    registration_id text NOT NULL,
    p256dh character varying(88) NOT NULL,
    auth character varying(24) NOT NULL,
    browser character varying(10) NOT NULL,
    user_id integer
);


ALTER TABLE public.push_notifications_webpushdevice OWNER TO soemantr_toba_register;

--
-- TOC entry 236 (class 1259 OID 61797)
-- Name: push_notifications_webpushdevice_id_seq; Type: SEQUENCE; Schema: public; Owner: postgres
--

CREATE SEQUENCE public.push_notifications_webpushdevice_id_seq
    AS integer
    START WITH 1
    INCREMENT BY 1
    NO MINVALUE
    NO MAXVALUE
    CACHE 1;


ALTER TABLE public.push_notifications_webpushdevice_id_seq OWNER TO soemantr_toba_register;

--
-- TOC entry 3325 (class 0 OID 0)
-- Dependencies: 236
-- Name: push_notifications_webpushdevice_id_seq; Type: SEQUENCE OWNED BY; Schema: public; Owner: postgres
--

ALTER SEQUENCE public.push_notifications_webpushdevice_id_seq OWNED BY public.push_notifications_webpushdevice.id;


--
-- TOC entry 235 (class 1259 OID 61777)
-- Name: push_notifications_wnsdevice; Type: TABLE; Schema: public; Owner: postgres
--

CREATE TABLE public.push_notifications_wnsdevice (
    id integer NOT NULL,
    name character varying(255),
    active boolean NOT NULL,
    date_created timestamp with time zone,
    device_id uuid,
    registration_id text NOT NULL,
    user_id integer,
    application_id character varying(64)
);


ALTER TABLE public.push_notifications_wnsdevice OWNER TO soemantr_toba_register;

--
-- TOC entry 234 (class 1259 OID 61775)
-- Name: push_notifications_wnsdevice_id_seq; Type: SEQUENCE; Schema: public; Owner: postgres
--

CREATE SEQUENCE public.push_notifications_wnsdevice_id_seq
    AS integer
    START WITH 1
    INCREMENT BY 1
    NO MINVALUE
    NO MAXVALUE
    CACHE 1;


ALTER TABLE public.push_notifications_wnsdevice_id_seq OWNER TO soemantr_toba_register;

--
-- TOC entry 3326 (class 0 OID 0)
-- Dependencies: 234
-- Name: push_notifications_wnsdevice_id_seq; Type: SEQUENCE OWNED BY; Schema: public; Owner: postgres
--

ALTER SEQUENCE public.push_notifications_wnsdevice_id_seq OWNED BY public.push_notifications_wnsdevice.id;


--
-- TOC entry 238 (class 1259 OID 61823)
-- Name: rest_framework_sso_sessiontoken; Type: TABLE; Schema: public; Owner: postgres
--

CREATE TABLE public.rest_framework_sso_sessiontoken (
    id uuid NOT NULL,
    ip_address inet,
    user_agent character varying(1000) NOT NULL,
    created_at timestamp with time zone NOT NULL,
    revoked_at timestamp with time zone,
    user_id integer NOT NULL,
    last_used_at timestamp with time zone,
    client_id character varying(1000) NOT NULL
);


ALTER TABLE public.rest_framework_sso_sessiontoken OWNER TO soemantr_toba_register;

--
-- TOC entry 240 (class 1259 OID 61844)
-- Name: socialaccount_socialaccount; Type: TABLE; Schema: public; Owner: postgres
--

CREATE TABLE public.socialaccount_socialaccount (
    id integer NOT NULL,
    provider character varying(30) NOT NULL,
    uid character varying(191) NOT NULL,
    last_login timestamp with time zone NOT NULL,
    date_joined timestamp with time zone NOT NULL,
    extra_data text NOT NULL,
    user_id integer NOT NULL
);


ALTER TABLE public.socialaccount_socialaccount OWNER TO soemantr_toba_register;

--
-- TOC entry 239 (class 1259 OID 61842)
-- Name: socialaccount_socialaccount_id_seq; Type: SEQUENCE; Schema: public; Owner: postgres
--

CREATE SEQUENCE public.socialaccount_socialaccount_id_seq
    AS integer
    START WITH 1
    INCREMENT BY 1
    NO MINVALUE
    NO MAXVALUE
    CACHE 1;


ALTER TABLE public.socialaccount_socialaccount_id_seq OWNER TO soemantr_toba_register;

--
-- TOC entry 3327 (class 0 OID 0)
-- Dependencies: 239
-- Name: socialaccount_socialaccount_id_seq; Type: SEQUENCE OWNED BY; Schema: public; Owner: postgres
--

ALTER SEQUENCE public.socialaccount_socialaccount_id_seq OWNED BY public.socialaccount_socialaccount.id;


--
-- TOC entry 242 (class 1259 OID 61855)
-- Name: socialaccount_socialapp; Type: TABLE; Schema: public; Owner: postgres
--

CREATE TABLE public.socialaccount_socialapp (
    id integer NOT NULL,
    provider character varying(30) NOT NULL,
    name character varying(40) NOT NULL,
    client_id character varying(191) NOT NULL,
    secret character varying(191) NOT NULL,
    key character varying(191) NOT NULL
);


ALTER TABLE public.socialaccount_socialapp OWNER TO soemantr_toba_register;

--
-- TOC entry 241 (class 1259 OID 61853)
-- Name: socialaccount_socialapp_id_seq; Type: SEQUENCE; Schema: public; Owner: postgres
--

CREATE SEQUENCE public.socialaccount_socialapp_id_seq
    AS integer
    START WITH 1
    INCREMENT BY 1
    NO MINVALUE
    NO MAXVALUE
    CACHE 1;


ALTER TABLE public.socialaccount_socialapp_id_seq OWNER TO soemantr_toba_register;

--
-- TOC entry 3328 (class 0 OID 0)
-- Dependencies: 241
-- Name: socialaccount_socialapp_id_seq; Type: SEQUENCE OWNED BY; Schema: public; Owner: postgres
--

ALTER SEQUENCE public.socialaccount_socialapp_id_seq OWNED BY public.socialaccount_socialapp.id;


--
-- TOC entry 244 (class 1259 OID 61863)
-- Name: socialaccount_socialapp_sites; Type: TABLE; Schema: public; Owner: postgres
--

CREATE TABLE public.socialaccount_socialapp_sites (
    id integer NOT NULL,
    socialapp_id integer NOT NULL,
    site_id integer NOT NULL
);


ALTER TABLE public.socialaccount_socialapp_sites OWNER TO soemantr_toba_register;

--
-- TOC entry 243 (class 1259 OID 61861)
-- Name: socialaccount_socialapp_sites_id_seq; Type: SEQUENCE; Schema: public; Owner: postgres
--

CREATE SEQUENCE public.socialaccount_socialapp_sites_id_seq
    AS integer
    START WITH 1
    INCREMENT BY 1
    NO MINVALUE
    NO MAXVALUE
    CACHE 1;


ALTER TABLE public.socialaccount_socialapp_sites_id_seq OWNER TO soemantr_toba_register;

--
-- TOC entry 3329 (class 0 OID 0)
-- Dependencies: 243
-- Name: socialaccount_socialapp_sites_id_seq; Type: SEQUENCE OWNED BY; Schema: public; Owner: postgres
--

ALTER SEQUENCE public.socialaccount_socialapp_sites_id_seq OWNED BY public.socialaccount_socialapp_sites.id;


--
-- TOC entry 246 (class 1259 OID 61871)
-- Name: socialaccount_socialtoken; Type: TABLE; Schema: public; Owner: postgres
--

CREATE TABLE public.socialaccount_socialtoken (
    id integer NOT NULL,
    token text NOT NULL,
    token_secret text NOT NULL,
    expires_at timestamp with time zone,
    account_id integer NOT NULL,
    app_id integer NOT NULL
);


ALTER TABLE public.socialaccount_socialtoken OWNER TO soemantr_toba_register;

--
-- TOC entry 245 (class 1259 OID 61869)
-- Name: socialaccount_socialtoken_id_seq; Type: SEQUENCE; Schema: public; Owner: postgres
--

CREATE SEQUENCE public.socialaccount_socialtoken_id_seq
    AS integer
    START WITH 1
    INCREMENT BY 1
    NO MINVALUE
    NO MAXVALUE
    CACHE 1;


ALTER TABLE public.socialaccount_socialtoken_id_seq OWNER TO soemantr_toba_register;

--
-- TOC entry 3330 (class 0 OID 0)
-- Dependencies: 245
-- Name: socialaccount_socialtoken_id_seq; Type: SEQUENCE OWNED BY; Schema: public; Owner: postgres
--

ALTER SEQUENCE public.socialaccount_socialtoken_id_seq OWNED BY public.socialaccount_socialtoken.id;


--
-- TOC entry 248 (class 1259 OID 61921)
-- Name: store_product; Type: TABLE; Schema: public; Owner: postgres
--

CREATE TABLE public.store_product (
    id integer NOT NULL,
    name character varying(40) NOT NULL,
    description text NOT NULL,
    app_link character varying(200),
    extra_data jsonb NOT NULL,
    landing_link character varying(200),
    is_active boolean NOT NULL,
    nickname character varying(40)
);


ALTER TABLE public.store_product OWNER TO soemantr_toba_register;

--
-- TOC entry 247 (class 1259 OID 61919)
-- Name: store_product_id_seq; Type: SEQUENCE; Schema: public; Owner: postgres
--

CREATE SEQUENCE public.store_product_id_seq
    AS integer
    START WITH 1
    INCREMENT BY 1
    NO MINVALUE
    NO MAXVALUE
    CACHE 1;


ALTER TABLE public.store_product_id_seq OWNER TO soemantr_toba_register;

--
-- TOC entry 3331 (class 0 OID 0)
-- Dependencies: 247
-- Name: store_product_id_seq; Type: SEQUENCE OWNED BY; Schema: public; Owner: postgres
--

ALTER SEQUENCE public.store_product_id_seq OWNED BY public.store_product.id;


--
-- TOC entry 252 (class 1259 OID 61947)
-- Name: subscriptions_history; Type: TABLE; Schema: public; Owner: postgres
--

CREATE TABLE public.subscriptions_history (
    id integer NOT NULL,
    "timestamp" timestamp with time zone NOT NULL,
    price_paid integer NOT NULL,
    updated_period_start timestamp with time zone NOT NULL,
    updated_period_end timestamp with time zone NOT NULL,
    admin_id integer,
    updated_subscription_group_id integer NOT NULL,
    user_id integer NOT NULL
);


ALTER TABLE public.subscriptions_history OWNER TO soemantr_toba_register;

--
-- TOC entry 251 (class 1259 OID 61945)
-- Name: subscriptions_history_id_seq; Type: SEQUENCE; Schema: public; Owner: postgres
--

CREATE SEQUENCE public.subscriptions_history_id_seq
    AS integer
    START WITH 1
    INCREMENT BY 1
    NO MINVALUE
    NO MAXVALUE
    CACHE 1;


ALTER TABLE public.subscriptions_history_id_seq OWNER TO soemantr_toba_register;

--
-- TOC entry 3332 (class 0 OID 0)
-- Dependencies: 251
-- Name: subscriptions_history_id_seq; Type: SEQUENCE OWNED BY; Schema: public; Owner: postgres
--

ALTER SEQUENCE public.subscriptions_history_id_seq OWNED BY public.subscriptions_history.id;


--
-- TOC entry 250 (class 1259 OID 61934)
-- Name: subscriptions_plan; Type: TABLE; Schema: public; Owner: postgres
--

CREATE TABLE public.subscriptions_plan (
    id integer NOT NULL,
    name character varying(255) NOT NULL,
    description text NOT NULL,
    price integer NOT NULL,
    period_days integer NOT NULL,
    perks character varying(255)[],
    extra_data jsonb NOT NULL,
    product_id integer NOT NULL,
    CONSTRAINT subscriptions_plan_period_days_check CHECK ((period_days >= 0)),
    CONSTRAINT subscriptions_plan_price_check CHECK ((price >= 0))
);


ALTER TABLE public.subscriptions_plan OWNER TO soemantr_toba_register;

--
-- TOC entry 249 (class 1259 OID 61932)
-- Name: subscriptions_plan_id_seq; Type: SEQUENCE; Schema: public; Owner: postgres
--

CREATE SEQUENCE public.subscriptions_plan_id_seq
    AS integer
    START WITH 1
    INCREMENT BY 1
    NO MINVALUE
    NO MAXVALUE
    CACHE 1;


ALTER TABLE public.subscriptions_plan_id_seq OWNER TO soemantr_toba_register;

--
-- TOC entry 3333 (class 0 OID 0)
-- Dependencies: 249
-- Name: subscriptions_plan_id_seq; Type: SEQUENCE OWNED BY; Schema: public; Owner: postgres
--

ALTER SEQUENCE public.subscriptions_plan_id_seq OWNED BY public.subscriptions_plan.id;


--
-- TOC entry 253 (class 1259 OID 61953)
-- Name: subscriptions_subscription; Type: TABLE; Schema: public; Owner: postgres
--

CREATE TABLE public.subscriptions_subscription (
    id uuid NOT NULL,
    status character varying(10) NOT NULL,
    period_start timestamp with time zone NOT NULL,
    period_end timestamp with time zone NOT NULL,
    created_at timestamp with time zone NOT NULL,
    updated_at timestamp with time zone NOT NULL,
    group_id integer NOT NULL,
    plan_id integer NOT NULL,
    product_id integer NOT NULL,
    user_id integer NOT NULL
);


ALTER TABLE public.subscriptions_subscription OWNER TO soemantr_toba_register;

--
-- TOC entry 224 (class 1259 OID 61645)
-- Name: users_category; Type: TABLE; Schema: public; Owner: postgres
--

CREATE TABLE public.users_category (
    id integer NOT NULL,
    name character varying(255) NOT NULL
);


ALTER TABLE public.users_category OWNER TO soemantr_toba_register;

--
-- TOC entry 223 (class 1259 OID 61643)
-- Name: users_category_id_seq; Type: SEQUENCE; Schema: public; Owner: postgres
--

CREATE SEQUENCE public.users_category_id_seq
    AS integer
    START WITH 1
    INCREMENT BY 1
    NO MINVALUE
    NO MAXVALUE
    CACHE 1;


ALTER TABLE public.users_category_id_seq OWNER TO soemantr_toba_register;

--
-- TOC entry 3334 (class 0 OID 0)
-- Dependencies: 223
-- Name: users_category_id_seq; Type: SEQUENCE OWNED BY; Schema: public; Owner: postgres
--

ALTER SEQUENCE public.users_category_id_seq OWNED BY public.users_category.id;


--
-- TOC entry 218 (class 1259 OID 61616)
-- Name: users_user; Type: TABLE; Schema: public; Owner: postgres
--

CREATE TABLE public.users_user (
    id integer NOT NULL,
    password character varying(128) NOT NULL,
    last_login timestamp with time zone,
    is_superuser boolean NOT NULL,
    first_name character varying(150) NOT NULL,
    last_name character varying(150) NOT NULL,
    is_staff boolean NOT NULL,
    is_active boolean NOT NULL,
    date_joined timestamp with time zone NOT NULL,
    email character varying(254) NOT NULL
);


ALTER TABLE public.users_user OWNER TO soemantr_toba_register;

--
-- TOC entry 220 (class 1259 OID 61629)
-- Name: users_user_groups; Type: TABLE; Schema: public; Owner: postgres
--

CREATE TABLE public.users_user_groups (
    id integer NOT NULL,
    user_id integer NOT NULL,
    group_id integer NOT NULL
);


ALTER TABLE public.users_user_groups OWNER TO soemantr_toba_register;

--
-- TOC entry 219 (class 1259 OID 61627)
-- Name: users_user_groups_id_seq; Type: SEQUENCE; Schema: public; Owner: postgres
--

CREATE SEQUENCE public.users_user_groups_id_seq
    AS integer
    START WITH 1
    INCREMENT BY 1
    NO MINVALUE
    NO MAXVALUE
    CACHE 1;


ALTER TABLE public.users_user_groups_id_seq OWNER TO soemantr_toba_register;

--
-- TOC entry 3335 (class 0 OID 0)
-- Dependencies: 219
-- Name: users_user_groups_id_seq; Type: SEQUENCE OWNED BY; Schema: public; Owner: postgres
--

ALTER SEQUENCE public.users_user_groups_id_seq OWNED BY public.users_user_groups.id;


--
-- TOC entry 217 (class 1259 OID 61614)
-- Name: users_user_id_seq; Type: SEQUENCE; Schema: public; Owner: postgres
--

CREATE SEQUENCE public.users_user_id_seq
    AS integer
    START WITH 1
    INCREMENT BY 1
    NO MINVALUE
    NO MAXVALUE
    CACHE 1;


ALTER TABLE public.users_user_id_seq OWNER TO soemantr_toba_register;

--
-- TOC entry 3336 (class 0 OID 0)
-- Dependencies: 217
-- Name: users_user_id_seq; Type: SEQUENCE OWNED BY; Schema: public; Owner: postgres
--

ALTER SEQUENCE public.users_user_id_seq OWNED BY public.users_user.id;


--
-- TOC entry 225 (class 1259 OID 61651)
-- Name: users_user_profile; Type: TABLE; Schema: public; Owner: postgres
--

CREATE TABLE public.users_user_profile (
    user_id integer NOT NULL,
    phone character varying(17),
    photo character varying(100),
    extra_data jsonb NOT NULL,
    category_id integer
);


ALTER TABLE public.users_user_profile OWNER TO soemantr_toba_register;

--
-- TOC entry 222 (class 1259 OID 61637)
-- Name: users_user_user_permissions; Type: TABLE; Schema: public; Owner: postgres
--

CREATE TABLE public.users_user_user_permissions (
    id integer NOT NULL,
    user_id integer NOT NULL,
    permission_id integer NOT NULL
);


ALTER TABLE public.users_user_user_permissions OWNER TO soemantr_toba_register;

--
-- TOC entry 221 (class 1259 OID 61635)
-- Name: users_user_user_permissions_id_seq; Type: SEQUENCE; Schema: public; Owner: postgres
--

CREATE SEQUENCE public.users_user_user_permissions_id_seq
    AS integer
    START WITH 1
    INCREMENT BY 1
    NO MINVALUE
    NO MAXVALUE
    CACHE 1;


ALTER TABLE public.users_user_user_permissions_id_seq OWNER TO soemantr_toba_register;

--
-- TOC entry 3337 (class 0 OID 0)
-- Dependencies: 221
-- Name: users_user_user_permissions_id_seq; Type: SEQUENCE OWNED BY; Schema: public; Owner: postgres
--

ALTER SEQUENCE public.users_user_user_permissions_id_seq OWNED BY public.users_user_user_permissions.id;


--
-- TOC entry 2901 (class 2604 OID 61704)
-- Name: account_emailaddress id; Type: DEFAULT; Schema: public; Owner: postgres
--

ALTER TABLE ONLY public.account_emailaddress ALTER COLUMN id SET DEFAULT nextval('public.account_emailaddress_id_seq'::regclass);


--
-- TOC entry 2902 (class 2604 OID 61714)
-- Name: account_emailconfirmation id; Type: DEFAULT; Schema: public; Owner: postgres
--

ALTER TABLE ONLY public.account_emailconfirmation ALTER COLUMN id SET DEFAULT nextval('public.account_emailconfirmation_id_seq'::regclass);


--
-- TOC entry 2916 (class 2604 OID 62015)
-- Name: feedback_feedback id; Type: DEFAULT; Schema: public; Owner: postgres
--

ALTER TABLE ONLY public.feedback_feedback ALTER COLUMN id SET DEFAULT nextval('public.feedback_feedback_id_seq'::regclass);


--
-- TOC entry 2918 (class 2604 OID 62041)
-- Name: landing_swiper order; Type: DEFAULT; Schema: public; Owner: postgres
--

ALTER TABLE ONLY public.landing_swiper ALTER COLUMN "order" SET DEFAULT nextval('public.landing_swiper_order_seq'::regclass);


--
-- TOC entry 2903 (class 2604 OID 61741)
-- Name: push_notifications_apnsdevice id; Type: DEFAULT; Schema: public; Owner: postgres
--

ALTER TABLE ONLY public.push_notifications_apnsdevice ALTER COLUMN id SET DEFAULT nextval('public.push_notifications_apnsdevice_id_seq'::regclass);


--
-- TOC entry 2904 (class 2604 OID 61751)
-- Name: push_notifications_gcmdevice id; Type: DEFAULT; Schema: public; Owner: postgres
--

ALTER TABLE ONLY public.push_notifications_gcmdevice ALTER COLUMN id SET DEFAULT nextval('public.push_notifications_gcmdevice_id_seq'::regclass);


--
-- TOC entry 2906 (class 2604 OID 61802)
-- Name: push_notifications_webpushdevice id; Type: DEFAULT; Schema: public; Owner: postgres
--

ALTER TABLE ONLY public.push_notifications_webpushdevice ALTER COLUMN id SET DEFAULT nextval('public.push_notifications_webpushdevice_id_seq'::regclass);


--
-- TOC entry 2905 (class 2604 OID 61780)
-- Name: push_notifications_wnsdevice id; Type: DEFAULT; Schema: public; Owner: postgres
--

ALTER TABLE ONLY public.push_notifications_wnsdevice ALTER COLUMN id SET DEFAULT nextval('public.push_notifications_wnsdevice_id_seq'::regclass);


--
-- TOC entry 2907 (class 2604 OID 61847)
-- Name: socialaccount_socialaccount id; Type: DEFAULT; Schema: public; Owner: postgres
--

ALTER TABLE ONLY public.socialaccount_socialaccount ALTER COLUMN id SET DEFAULT nextval('public.socialaccount_socialaccount_id_seq'::regclass);


--
-- TOC entry 2908 (class 2604 OID 61858)
-- Name: socialaccount_socialapp id; Type: DEFAULT; Schema: public; Owner: postgres
--

ALTER TABLE ONLY public.socialaccount_socialapp ALTER COLUMN id SET DEFAULT nextval('public.socialaccount_socialapp_id_seq'::regclass);


--
-- TOC entry 2909 (class 2604 OID 61866)
-- Name: socialaccount_socialapp_sites id; Type: DEFAULT; Schema: public; Owner: postgres
--

ALTER TABLE ONLY public.socialaccount_socialapp_sites ALTER COLUMN id SET DEFAULT nextval('public.socialaccount_socialapp_sites_id_seq'::regclass);


--
-- TOC entry 2910 (class 2604 OID 61874)
-- Name: socialaccount_socialtoken id; Type: DEFAULT; Schema: public; Owner: postgres
--

ALTER TABLE ONLY public.socialaccount_socialtoken ALTER COLUMN id SET DEFAULT nextval('public.socialaccount_socialtoken_id_seq'::regclass);


--
-- TOC entry 2911 (class 2604 OID 61924)
-- Name: store_product id; Type: DEFAULT; Schema: public; Owner: postgres
--

ALTER TABLE ONLY public.store_product ALTER COLUMN id SET DEFAULT nextval('public.store_product_id_seq'::regclass);


--
-- TOC entry 2915 (class 2604 OID 61950)
-- Name: subscriptions_history id; Type: DEFAULT; Schema: public; Owner: postgres
--

ALTER TABLE ONLY public.subscriptions_history ALTER COLUMN id SET DEFAULT nextval('public.subscriptions_history_id_seq'::regclass);


--
-- TOC entry 2912 (class 2604 OID 61937)
-- Name: subscriptions_plan id; Type: DEFAULT; Schema: public; Owner: postgres
--

ALTER TABLE ONLY public.subscriptions_plan ALTER COLUMN id SET DEFAULT nextval('public.subscriptions_plan_id_seq'::regclass);


--
-- TOC entry 2900 (class 2604 OID 61648)
-- Name: users_category id; Type: DEFAULT; Schema: public; Owner: postgres
--

ALTER TABLE ONLY public.users_category ALTER COLUMN id SET DEFAULT nextval('public.users_category_id_seq'::regclass);


--
-- TOC entry 2897 (class 2604 OID 61619)
-- Name: users_user id; Type: DEFAULT; Schema: public; Owner: postgres
--

ALTER TABLE ONLY public.users_user ALTER COLUMN id SET DEFAULT nextval('public.users_user_id_seq'::regclass);


--
-- TOC entry 2898 (class 2604 OID 61632)
-- Name: users_user_groups id; Type: DEFAULT; Schema: public; Owner: postgres
--

ALTER TABLE ONLY public.users_user_groups ALTER COLUMN id SET DEFAULT nextval('public.users_user_groups_id_seq'::regclass);


--
-- TOC entry 2899 (class 2604 OID 61640)
-- Name: users_user_user_permissions id; Type: DEFAULT; Schema: public; Owner: postgres
--

ALTER TABLE ONLY public.users_user_user_permissions ALTER COLUMN id SET DEFAULT nextval('public.users_user_user_permissions_id_seq'::regclass);


--
-- TOC entry 3281 (class 0 OID 61701)
-- Dependencies: 227
-- Data for Name: account_emailaddress; Type: TABLE DATA; Schema: public; Owner: postgres
--

COPY public.account_emailaddress (id, email, verified, "primary", user_id) FROM stdin;
1	bagus@example.com	t	t	2
2	adip@gmail.com	t	t	8
\.


--
-- TOC entry 3283 (class 0 OID 61711)
-- Dependencies: 229
-- Data for Name: account_emailconfirmation; Type: TABLE DATA; Schema: public; Owner: postgres
--

COPY public.account_emailconfirmation (id, created, sent, key, email_address_id) FROM stdin;
1	2024-07-10 00:00:00+07	2024-07-10 00:00:00+07	asdsfsa1	1
2	2024-07-10 00:00:00+07	2024-07-10 00:00:00+07	sadsaasre	2
\.


--
-- TOC entry 3257 (class 0 OID 61353)
-- Dependencies: 203
-- Data for Name: auth_group; Type: TABLE DATA; Schema: public; Owner: postgres
--

COPY public.auth_group (id, name) FROM stdin;
1	admin
\.


--
-- TOC entry 3259 (class 0 OID 61362)
-- Dependencies: 205
-- Data for Name: auth_group_permissions; Type: TABLE DATA; Schema: public; Owner: postgres
--

COPY public.auth_group_permissions (id, group_id, permission_id) FROM stdin;
1	1	1
2	1	2
3	1	3
4	1	4
5	1	5
6	1	6
7	1	7
8	1	8
9	1	9
10	1	10
11	1	11
12	1	12
13	1	13
14	1	14
15	1	15
16	1	16
17	1	17
18	1	18
19	1	19
20	1	20
21	1	21
22	1	22
23	1	23
24	1	24
25	1	25
26	1	26
27	1	27
28	1	28
29	1	29
30	1	30
31	1	31
32	1	32
33	1	33
34	1	34
35	1	35
36	1	36
37	1	37
38	1	38
39	1	39
40	1	40
41	1	41
42	1	42
43	1	43
44	1	44
45	1	45
46	1	46
47	1	47
48	1	48
49	1	49
50	1	50
51	1	51
52	1	52
53	1	53
54	1	54
55	1	55
56	1	56
57	1	57
58	1	58
59	1	59
60	1	60
61	1	61
62	1	62
63	1	63
64	1	64
65	1	65
66	1	66
67	1	67
68	1	68
69	1	69
70	1	70
71	1	71
72	1	72
73	1	73
74	1	74
75	1	75
76	1	76
77	1	77
78	1	78
79	1	79
80	1	80
81	1	81
82	1	82
83	1	83
84	1	84
85	1	85
86	1	86
87	1	87
88	1	88
89	1	89
90	1	90
91	1	91
92	1	92
93	1	93
94	1	94
95	1	95
96	1	96
97	1	97
98	1	98
99	1	99
100	1	100
101	1	101
102	1	102
103	1	103
104	1	104
105	1	105
106	1	106
107	1	107
108	1	108
109	1	109
110	1	110
111	1	111
112	1	112
113	1	113
114	1	114
115	1	115
116	1	116
117	1	117
118	1	118
119	1	119
120	1	120
121	1	121
122	1	122
123	1	123
124	1	124
125	1	125
126	1	126
127	1	127
128	1	128
129	1	129
130	1	130
131	1	131
132	1	132
133	1	133
134	1	134
135	1	135
136	1	136
137	1	137
138	1	138
139	1	139
140	1	140
\.


--
-- TOC entry 3255 (class 0 OID 61346)
-- Dependencies: 201
-- Data for Name: auth_permission; Type: TABLE DATA; Schema: public; Owner: postgres
--

COPY public.auth_permission (id, name, content_type_id, codename) FROM stdin;
1	Can add log entry	1	add_logentry
2	Can change log entry	1	change_logentry
3	Can delete log entry	1	delete_logentry
4	Can view log entry	1	view_logentry
5	Can add permission	2	add_permission
6	Can change permission	2	change_permission
7	Can delete permission	2	delete_permission
8	Can view permission	2	view_permission
9	Can add group	3	add_group
10	Can change group	3	change_group
11	Can delete group	3	delete_group
12	Can view group	3	view_group
13	Can add user	4	add_user
14	Can change user	4	change_user
15	Can delete user	4	delete_user
16	Can view user	4	view_user
17	Can add content type	5	add_contenttype
18	Can change content type	5	change_contenttype
19	Can delete content type	5	delete_contenttype
20	Can view content type	5	view_contenttype
21	Can add session	6	add_session
22	Can change session	6	change_session
23	Can delete session	6	delete_session
24	Can view session	6	view_session
25	Can add site	7	add_site
26	Can change site	7	change_site
27	Can delete site	7	delete_site
28	Can view site	7	view_site
29	Can add Session token	8	add_sessiontoken
30	Can change Session token	8	change_sessiontoken
31	Can delete Session token	8	delete_sessiontoken
32	Can view Session token	8	view_sessiontoken
33	Can add email address	9	add_emailaddress
34	Can change email address	9	change_emailaddress
35	Can delete email address	9	delete_emailaddress
36	Can view email address	9	view_emailaddress
37	Can add email confirmation	10	add_emailconfirmation
38	Can change email confirmation	10	change_emailconfirmation
39	Can delete email confirmation	10	delete_emailconfirmation
40	Can view email confirmation	10	view_emailconfirmation
41	Can add social account	11	add_socialaccount
42	Can change social account	11	change_socialaccount
43	Can delete social account	11	delete_socialaccount
44	Can view social account	11	view_socialaccount
45	Can add social application	12	add_socialapp
46	Can change social application	12	change_socialapp
47	Can delete social application	12	delete_socialapp
48	Can view social application	12	view_socialapp
49	Can add social application token	13	add_socialtoken
50	Can change social application token	13	change_socialtoken
51	Can delete social application token	13	delete_socialtoken
52	Can view social application token	13	view_socialtoken
53	Can add APNS device	14	add_apnsdevice
54	Can change APNS device	14	change_apnsdevice
55	Can delete APNS device	14	delete_apnsdevice
56	Can view APNS device	14	view_apnsdevice
57	Can add GCM device	15	add_gcmdevice
58	Can change GCM device	15	change_gcmdevice
59	Can delete GCM device	15	delete_gcmdevice
60	Can view GCM device	15	view_gcmdevice
61	Can add WNS device	16	add_wnsdevice
62	Can change WNS device	16	change_wnsdevice
63	Can delete WNS device	16	delete_wnsdevice
64	Can view WNS device	16	view_wnsdevice
65	Can add WebPush device	17	add_webpushdevice
66	Can change WebPush device	17	change_webpushdevice
67	Can delete WebPush device	17	delete_webpushdevice
68	Can view WebPush device	17	view_webpushdevice
69	Can add user	18	add_user
70	Can change user	18	change_user
71	Can delete user	18	delete_user
72	Can view user	18	view_user
73	Can add category	19	add_category
74	Can change category	19	change_category
75	Can delete category	19	delete_category
76	Can view category	19	view_category
77	Can add user profile	20	add_userprofile
78	Can change user profile	20	change_userprofile
79	Can delete user profile	20	delete_userprofile
80	Can view user profile	20	view_userprofile
81	Can add store product	21	add_product
82	Can change store product	21	change_product
83	Can delete store product	21	delete_product
84	Can view store product	21	view_product
85	Can add subscription plan	22	add_subscriptionplan
86	Can change subscription plan	22	change_subscriptionplan
87	Can delete subscription plan	22	delete_subscriptionplan
88	Can view subscription plan	22	view_subscriptionplan
89	Can add subscription	23	add_subscription
90	Can change subscription	23	change_subscription
91	Can delete subscription	23	delete_subscription
92	Can view subscription	23	view_subscription
93	Can add subscriptions history	24	add_subscriptionhistory
94	Can change subscriptions history	24	change_subscriptionhistory
95	Can delete subscriptions history	24	delete_subscriptionhistory
96	Can view subscriptions history	24	view_subscriptionhistory
97	Can add payment event	25	add_paymentevent
98	Can change payment event	25	change_paymentevent
99	Can delete payment event	25	delete_paymentevent
100	Can view payment event	25	view_paymentevent
101	Can add payment product	26	add_paymentproduct
102	Can change payment product	26	change_paymentproduct
103	Can delete payment product	26	delete_paymentproduct
104	Can view payment product	26	view_paymentproduct
105	Can add event	27	add_event
106	Can change event	27	change_event
107	Can delete event	27	delete_event
108	Can view event	27	view_event
109	Can add event form question	28	add_eventformquestion
110	Can change event form question	28	change_eventformquestion
111	Can delete event form question	28	delete_eventformquestion
112	Can view event form question	28	view_eventformquestion
113	Can add event form	29	add_eventform
114	Can change event form	29	change_eventform
115	Can delete event form	29	delete_eventform
116	Can view event form	29	view_eventform
117	Can add event form answer	30	add_eventformanswer
118	Can change event form answer	30	change_eventformanswer
119	Can delete event form answer	30	delete_eventformanswer
120	Can view event form answer	30	view_eventformanswer
121	Can add invitation voucher	31	add_invitationvoucher
122	Can change invitation voucher	31	change_invitationvoucher
123	Can delete invitation voucher	31	delete_invitationvoucher
124	Can view invitation voucher	31	view_invitationvoucher
125	Can add claimed invitation voucher	32	add_claimedinvitationvoucher
126	Can change claimed invitation voucher	32	change_claimedinvitationvoucher
127	Can delete claimed invitation voucher	32	delete_claimedinvitationvoucher
128	Can view claimed invitation voucher	32	view_claimedinvitationvoucher
129	Can add feedback	33	add_feedback
130	Can change feedback	33	change_feedback
131	Can delete feedback	33	delete_feedback
132	Can view feedback	33	view_feedback
133	Can add swiper slide	34	add_swiperslide
134	Can change swiper slide	34	change_swiperslide
135	Can delete swiper slide	34	delete_swiperslide
136	Can view swiper slide	34	view_swiperslide
137	Can add swiper	35	add_swiper
138	Can change swiper	35	change_swiper
139	Can delete swiper	35	delete_swiper
140	Can view swiper	35	view_swiper
\.


--
-- TOC entry 3261 (class 0 OID 61369)
-- Dependencies: 207
-- Data for Name: auth_user; Type: TABLE DATA; Schema: public; Owner: postgres
--

COPY public.auth_user (id, password, last_login, is_superuser, username, first_name, last_name, email, is_staff, is_active, date_joined) FROM stdin;
8	pbkdf2_sha256$216000$f5lcPQtm0igb$TgAaTfwX7m38JvMYwGjytF09A4FjOuq+9dYBZeSmuo0=	\N	t	adip	adip	adip	adip@gmail.com	t	t	2024-07-10 11:25:21.989179+07
\.


--
-- TOC entry 3263 (class 0 OID 61378)
-- Dependencies: 209
-- Data for Name: auth_user_groups; Type: TABLE DATA; Schema: public; Owner: postgres
--

COPY public.auth_user_groups (id, user_id, group_id) FROM stdin;
\.


--
-- TOC entry 3265 (class 0 OID 61385)
-- Dependencies: 211
-- Data for Name: auth_user_user_permissions; Type: TABLE DATA; Schema: public; Owner: postgres
--

COPY public.auth_user_user_permissions (id, user_id, permission_id) FROM stdin;
\.


--
-- TOC entry 3267 (class 0 OID 61444)
-- Dependencies: 213
-- Data for Name: django_admin_log; Type: TABLE DATA; Schema: public; Owner: postgres
--

COPY public.django_admin_log (id, action_time, object_id, object_repr, action_flag, change_message, content_type_id, user_id) FROM stdin;
4	2024-07-10 11:31:25.922214+07	4	Diptya Bagus Sumantry	1	[{"added": {}}]	12	8
5	2024-07-15 08:37:51.079083+07	1	Adip Adip	1	[{"added": {}}]	11	8
6	2024-07-15 08:40:21.926374+07	1	d1db23c59004626ce93df981381192cd	1	[{"added": {}}]	13	8
7	2024-07-15 08:41:10.721455+07	1	admin	2	[{"changed": {"fields": ["Permissions"]}}]	3	8
8	2024-07-15 08:45:19.308638+07	85ce01b2-fe4e-412a-8952-59221e6ca2ea	Pesta Rakyat	1	[{"added": {}}]	27	8
9	2024-07-15 08:56:07.791641+07	1	Feedback object (1)	1	[{"added": {}}]	33	8
10	2024-07-15 08:59:39.050237+07	2f38bcea-4bca-4a57-b3cd-8a8219249906	SwiperSlide object (2f38bcea-4bca-4a57-b3cd-8a8219249906)	1	[{"added": {}}]	34	8
11	2024-07-15 09:06:20.007901+07	1	SubscriptionHistory object (1)	1	[{"added": {}}]	24	8
\.


--
-- TOC entry 3253 (class 0 OID 61337)
-- Dependencies: 199
-- Data for Name: django_content_type; Type: TABLE DATA; Schema: public; Owner: postgres
--

COPY public.django_content_type (id, app_label, model) FROM stdin;
1	admin	logentry
2	auth	permission
3	auth	group
4	auth	user
5	contenttypes	contenttype
6	sessions	session
7	sites	site
8	rest_framework_sso	sessiontoken
9	account	emailaddress
10	account	emailconfirmation
11	socialaccount	socialaccount
12	socialaccount	socialapp
13	socialaccount	socialtoken
14	push_notifications	apnsdevice
15	push_notifications	gcmdevice
16	push_notifications	wnsdevice
17	push_notifications	webpushdevice
18	users	user
19	users	category
20	users	userprofile
21	store	product
22	subscriptions	subscriptionplan
23	subscriptions	subscription
24	subscriptions	subscriptionhistory
25	payments	paymentevent
26	payments	paymentproduct
27	events	event
28	events	eventformquestion
29	events	eventform
30	events	eventformanswer
31	vouchers	invitationvoucher
32	vouchers	claimedinvitationvoucher
33	feedback	feedback
34	landing	swiperslide
35	landing	swiper
\.


--
-- TOC entry 3251 (class 0 OID 61327)
-- Dependencies: 197
-- Data for Name: django_migrations; Type: TABLE DATA; Schema: public; Owner: postgres
--

COPY public.django_migrations (id, app, name, applied) FROM stdin;
1	contenttypes	0001_initial	2024-06-13 14:56:35.883014+07
2	auth	0001_initial	2024-06-13 14:56:35.984945+07
3	admin	0001_initial	2024-06-13 14:56:36.015582+07
4	admin	0002_logentry_remove_auto_add	2024-06-13 14:56:36.027582+07
5	admin	0003_logentry_add_action_flag_choices	2024-06-13 14:56:36.037637+07
6	contenttypes	0002_remove_content_type_name	2024-06-13 14:56:36.064951+07
7	auth	0002_alter_permission_name_max_length	2024-06-13 14:56:36.075961+07
8	auth	0003_alter_user_email_max_length	2024-06-13 14:56:36.087956+07
9	auth	0004_alter_user_username_opts	2024-06-13 14:56:36.096584+07
10	auth	0005_alter_user_last_login_null	2024-06-13 14:56:36.107852+07
11	auth	0006_require_contenttypes_0002	2024-06-13 14:56:36.110117+07
12	auth	0007_alter_validators_add_error_messages	2024-06-13 14:56:36.119499+07
13	auth	0008_alter_user_username_max_length	2024-06-13 14:56:36.134298+07
14	auth	0009_alter_user_last_name_max_length	2024-06-13 14:56:36.143555+07
15	auth	0010_alter_group_name_max_length	2024-06-13 14:56:36.153547+07
16	auth	0011_update_proxy_permissions	2024-06-13 14:56:36.160246+07
17	auth	0012_alter_user_first_name_max_length	2024-06-13 14:56:36.170526+07
18	sessions	0001_initial	2024-06-13 14:56:36.18689+07
19	sites	0001_initial	2024-06-13 14:56:36.193568+07
20	sites	0002_alter_domain_unique	2024-06-13 14:56:36.20274+07
27	users	0001_initial	2024-06-20 09:41:48.462876+07
28	account	0001_initial	2024-06-20 09:41:48.573386+07
29	account	0002_email_max_length	2024-06-20 09:41:48.621345+07
30	push_notifications	0001_initial	2024-06-20 09:41:48.656231+07
31	push_notifications	0002_auto_20160106_0850	2024-06-20 09:41:48.69013+07
32	push_notifications	0003_wnsdevice	2024-06-20 09:41:48.712311+07
33	push_notifications	0004_fcm	2024-06-20 09:41:48.734952+07
34	push_notifications	0005_applicationid	2024-06-20 09:41:48.763971+07
35	push_notifications	0006_webpushdevice	2024-06-20 09:41:48.78522+07
36	push_notifications	0007_uniquesetting	2024-06-20 09:41:48.844707+07
37	push_notifications	0008_webpush_add_edge	2024-06-20 09:41:48.890229+07
38	push_notifications	0009_alter_apnsdevice_device_id	2024-06-20 09:41:48.901008+07
39	rest_framework_sso	0001_initial	2024-06-20 09:41:48.921558+07
40	rest_framework_sso	0002_sessiontoken_last_used_at	2024-06-20 09:41:48.951069+07
41	rest_framework_sso	0003_sessiontoken_client_id	2024-06-20 09:41:48.966886+07
42	socialaccount	0001_initial	2024-06-20 09:41:49.044878+07
43	socialaccount	0002_token_max_lengths	2024-06-20 09:41:49.1013+07
44	socialaccount	0003_extra_data_default_dict	2024-06-20 09:41:49.113299+07
45	store	0001_initial	2024-06-20 09:41:49.128026+07
46	store	0002_auto_20220701_1646	2024-06-20 09:41:49.140373+07
47	store	0003_auto_20220830_1440	2024-06-20 09:41:49.148849+07
48	store	0004_product_nickname	2024-06-20 09:41:49.154122+07
49	subscriptions	0001_initial	2024-06-21 16:07:15.666418+07
50	events	0001_initial	2024-07-09 09:59:00.178799+07
51	feedback	0001_initial	2024-07-09 09:59:56.66752+07
52	landing	0001_initial	2024-07-09 10:00:24.91838+07
53	payments	0001_initial	2024-07-09 10:00:52.32034+07
\.


--
-- TOC entry 3268 (class 0 OID 61474)
-- Dependencies: 214
-- Data for Name: django_session; Type: TABLE DATA; Schema: public; Owner: postgres
--

COPY public.django_session (session_key, session_data, expire_date) FROM stdin;
emsqam20l03e12ljw48tc1kpeiijihp7	.eJxVjEEOwiAQRe_C2hDLUIa6dN8zkGGYStVAUtqV8e7apAvd_vfef6lA25rD1mQJc1IX1anT7xaJH1J2kO5UblVzLesyR70r-qBNjzXJ83q4fweZWv7WCBGAje0HZMsSMRGJ94bcJIksEYPziABWyHsc4iS-Ny4xmtidwan3B_m2OD8:1sR7ED:oteoCi-eu-KA62uBBgTuKKJUkmJIVmAcbe8SwtPwIcA	2024-07-23 16:33:41.301678+07
oyim8q0c5ppbimx609qo4h8un6ywx068	.eJxVjEEOwiAQRe_C2hDLUIa6dN8zkGGYStVAUtqV8e7apAvd_vfef6lA25rD1mQJc1IX1anT7xaJH1J2kO5UblVzLesyR70r-qBNjzXJ83q4fweZWv7WCBGAje0HZMsSMRGJ94bcJIksEYPziABWyHsc4iS-Ny4xmtidwan3B_m2OD8:1sR7Fr:rC_RLqp-C0WO_7T6pkMBOwqpUu-eJzxhQSBNw4xhoBU	2024-07-23 16:35:23.83692+07
q0ktk5snfdcq0gzogswb0iw8361uq0c6	.eJxVjEEOwiAQRe_C2hDLUIa6dN8zkGGYStVAUtqV8e7apAvd_vfef6lA25rD1mQJc1IX1anT7xaJH1J2kO5UblVzLesyR70r-qBNjzXJ83q4fweZWv7WCBGAje0HZMsSMRGJ94bcJIksEYPziABWyHsc4iS-Ny4xmtidwan3B_m2OD8:1sR7GI:F0IQu48it3TeeiK4TQR6PRSNGd9fvkDO7c5jAc_CjxY	2024-07-23 16:35:50.919257+07
a8te6mre4vovev3x8kvsgfvbq7k745sg	.eJxVjEEOwiAQRe_C2hCYMrS4dN8zkAGmUjWQlHZlvLtt0oVu_3v_vYWnbc1-a7z4OYmrAHH53QLFJ5cDpAeVe5WxlnWZgzwUedImx5r4dTvdv0Cmlve3AiBjmMgEjgy9oYESusGaiF0PndOgQ2R2FvcoICqcHCbdaWdVmEB8vuP7N5Q:1sLvQr:nDZ6KsiNMPSuZVbY4fV6pcFi8XLS-NSRMYe9beoorxA	2024-07-09 08:57:17.749529+07
zmud7m7x0y6bxm3gtjrnd1huyvp1dp4a	.eJxVjEEOwiAQRe_C2hDLUIa6dN8zkGGYStVAUtqV8e7apAvd_vfef6lA25rD1mQJc1IX1anT7xaJH1J2kO5UblVzLesyR70r-qBNjzXJ83q4fweZWv7WCBGAje0HZMsSMRGJ94bcJIksEYPziABWyHsc4iS-Ny4xmtidwan3B_m2OD8:1sR7I7:NES3cjsC5_igHRtvRVAxJO4UozphSRmM2AWiNwBTzCA	2024-07-23 16:37:43.923344+07
ypy1ks97hklb6uholry1i629ew0rgr5m	.eJxVjEEOwiAQRe_C2hCYMrS4dN8zkAGmUjWQlHZlvLtt0oVu_3v_vYWnbc1-a7z4OYmrAHH53QLFJ5cDpAeVe5WxlnWZgzwUedImx5r4dTvdv0Cmlve3AiBjmMgEjgy9oYESusGaiF0PndOgQ2R2FvcoICqcHCbdaWdVmEB8vuP7N5Q:1sM0BY:X7iN8nruO8ekCPMVW5NLjBrG4DAjaJ861NJypp0KjWU	2024-07-09 14:01:48.315159+07
ymvoywczp5wokrpljlcihr617rapayss	.eJxVjEEOwiAQRe_C2hDLUIa6dN8zkGGYStVAUtqV8e7apAvd_vfef6lA25rD1mQJc1IX1anT7xaJH1J2kO5UblVzLesyR70r-qBNjzXJ83q4fweZWv7WCBGAje0HZMsSMRGJ94bcJIksEYPziABWyHsc4iS-Ny4xmtidwan3B_m2OD8:1sR7Kk:BoMfRr-Wr5F_MaGHnGrb0TtPxaDn1dbUZAk7adhTCnM	2024-07-23 16:40:26.929415+07
q2diwhhwi8mk01d5qzpbdmr3veztkges	.eJxVjEEOwiAQRe_C2hCYMrS4dN8zkAGmUjWQlHZlvLtt0oVu_3v_vYWnbc1-a7z4OYmrAHH53QLFJ5cDpAeVe5WxlnWZgzwUedImx5r4dTvdv0Cmlve3AiBjmMgEjgy9oYESusGaiF0PndOgQ2R2FvcoICqcHCbdaWdVmEB8vuP7N5Q:1sR7LS:oXqutOhZFzQSirurWDgIg2uVhQLTkVc0kuCL8ZB6elM	2024-07-23 16:41:10.597834+07
ijtp3khriegygipoxukz0z8h7a27qolt	e30:1sPcgN:l_jF3nuWcjG611G-SVYCl1gJxDW4zJCNZmERnnWbxJM	2024-07-19 13:44:35.65484+07
swv4eurlzee3sklaow4g1j3jrny3u7jw	.eJxVjDsOwyAQRO9CHSHQ8k2ZPmdACyzBSQSSsSsrd48tuUg03bw3s7GA61LDOmgOU2ZXBuzy20VML2oHyE9sj85Tb8s8RX4o_KSD33um9-10_w4qjrqvHQhNXpEs1vpYbElagNPeKJRClpRddgkEGWscmALWSE1AlEDtQck-X81SNys:1sPcgO:8enOuRNOXzqW_0iUiqnYU5EMu8q6q-kee4tU_rXMD_s	2024-07-19 13:44:36.232049+07
wbcjwupzpy70cnczwvz9pwk7q3o638at	.eJxVjDsOwyAQRO9CHSHQ8k2ZPmdACyzBSQSSsSsrd48tuUg03bw3s7GA61LDOmgOU2ZXBuzy20VML2oHyE9sj85Tb8s8RX4o_KSD33um9-10_w4qjrqvHQhNXpEs1vpYbElagNPeKJRClpRddgkEGWscmALWSE1AlEDtQck-X81SNys:1sPcgP:Vfy2T3LtqOV_PRAhHViyXbzqXBnUcoLE3jGte0t5iJc	2024-07-19 13:44:37.753993+07
aqj78l9c31ewjx048469wihdkwayachp	.eJxVjDsOwyAQRO9CHSHQ8k2ZPmdACyzBSQSSsSsrd48tuUg03bw3s7GA61LDOmgOU2ZXBuzy20VML2oHyE9sj85Tb8s8RX4o_KSD33um9-10_w4qjrqvHQhNXpEs1vpYbElagNPeKJRClpRddgkEGWscmALWSE1AlEDtQck-X81SNys:1sPcgQ:YRqEWPh3chNEUSWHbs8Yx_bM2VoH6g1XA_rAEIRHWEo	2024-07-19 13:44:38.259563+07
691pnadb82pe6znsfx04m3vpvcd1wadx	.eJxVjDsOwyAQRO9CHSHQ8k2ZPmdACyzBSQSSsSsrd48tuUg03bw3s7GA61LDOmgOU2ZXBuzy20VML2oHyE9sj85Tb8s8RX4o_KSD33um9-10_w4qjrqvHQhNXpEs1vpYbElagNPeKJRClpRddgkEGWscmALWSE1AlEDtQck-X81SNys:1sPcgQ:YRqEWPh3chNEUSWHbs8Yx_bM2VoH6g1XA_rAEIRHWEo	2024-07-19 13:44:38.763783+07
q5qwxo10lm226xeoae40bq9ygqhc6auq	.eJxVjDsOwyAQRO9CHSHQ8k2ZPmdACyzBSQSSsSsrd48tuUg03bw3s7GA61LDOmgOU2ZXBuzy20VML2oHyE9sj85Tb8s8RX4o_KSD33um9-10_w4qjrqvHQhNXpEs1vpYbElagNPeKJRClpRddgkEGWscmALWSE1AlEDtQck-X81SNys:1sPcgQ:YRqEWPh3chNEUSWHbs8Yx_bM2VoH6g1XA_rAEIRHWEo	2024-07-19 13:44:38.874093+07
14dg5lz1g840qhwa12qod3hkqawkxe4c	.eJxVjEEOwiAQRe_C2hCYMrS4dN8zkAGmUjWQlHZlvLtt0oVu_3v_vYWnbc1-a7z4OYmrAHH53QLFJ5cDpAeVe5WxlnWZgzwUedImx5r4dTvdv0Cmlve3AiBjmMgEjgy9oYESusGaiF0PndOgQ2R2FvcoICqcHCbdaWdVmEB8vuP7N5Q:1sRSzj:kOBV_WU4SH7_cB8YmSHiKK0oS-AjUxBmJMcMhncHSEc	2024-07-24 15:48:11.098997+07
kchr857wsiqlwzh7pof9jxbb6lb28i0d	e30:1sPcuM:Dlfqv3l2GiBvTyst8x8UrFkMZtmJSKT3R4XGq5AwxKo	2024-07-19 13:59:02.185878+07
ukox5vssiossxujo3l1ve5tc3l2gptpp	.eJxVjEEOwiAQRe_C2hCYMrS4dN8zkAGmUjWQlHZlvLtt0oVu_3v_vYWnbc1-a7z4OYmrAHH53QLFJ5cDpAeVe5WxlnWZgzwUedImx5r4dTvdv0Cmlve3AiBjmMgEjgy9oYESusGaiF0PndOgQ2R2FvcoICqcHCbdaWdVmEB8vuP7N5Q:1sPcuS:n8RUIhzyn4TH-ykhzPy8Wk0HH3yWQQuAM5wAImFYawY	2024-07-19 13:59:08.411805+07
y6ycsdqxdlto7i69xwsm4scvw0hu4mn1	.eJxVjEEOwiAQRe_C2hCYMrS4dN8zkAGmUjWQlHZlvLtt0oVu_3v_vYWnbc1-a7z4OYmrAHH53QLFJ5cDpAeVe5WxlnWZgzwUedImx5r4dTvdv0Cmlve3AiBjmMgEjgy9oYESusGaiF0PndOgQ2R2FvcoICqcHCbdaWdVmEB8vuP7N5Q:1sPcuV:BJM2Z1oM096ka1ewDPXZ0aLZUobqNFZ1ZD-bTZlSXGc	2024-07-19 13:59:11.978059+07
w90eqk9p13tjun682k57i2ly8g4jxqg2	e30:1sPcvY:b5EKdccAUioZOQY7NqDCg3UKDbpFxpmceGvAgamuFwo	2024-07-19 14:00:16.491953+07
q6juwy2f10jqzph2udwn5nrb3y2kab7i	e30:1sPcvb:6z5onX6aRIf14JitQ1mfb8p9VFhLmpIs68fHxPhXBWc	2024-07-19 14:00:19.400582+07
jthuvu1k7l8a0d8o8kazi1sz0nhp458v	.eJxVjEEOwiAQRe_C2hCYMrS4dN8zkAGmUjWQlHZlvLtt0oVu_3v_vYWnbc1-a7z4OYmrAHH53QLFJ5cDpAeVe5WxlnWZgzwUedImx5r4dTvdv0Cmlve3AiBjmMgEjgy9oYESusGaiF0PndOgQ2R2FvcoICqcHCbdaWdVmEB8vuP7N5Q:1sPcvb:XPLwZXVTuruexb7TH2HDZzkT62YPQ0bTWhxYqS7ImuE	2024-07-19 14:00:19.560807+07
a9f00q5mgaopjv158537aiey6lzs9p7g	e30:1sPcvc:chCZokR-p-VDHzQ9HqIiBmocWD8mi0GXpIevVooDG4E	2024-07-19 14:00:20.51219+07
kvv6ajbdb5n1n1p9jocisx27anp5lqlr	.eJxVjEEOwiAQRe_C2hCYMrS4dN8zkAGmUjWQlHZlvLtt0oVu_3v_vYWnbc1-a7z4OYmrAHH53QLFJ5cDpAeVe5WxlnWZgzwUedImx5r4dTvdv0Cmlve3AiBjmMgEjgy9oYESusGaiF0PndOgQ2R2FvcoICqcHCbdaWdVmEB8vuP7N5Q:1sR5JM:RMNGIzB1SkYTtOZaJSj7Pbt_yEbXK49ugJb1OPxb0Hs	2024-07-23 14:30:52.748908+07
39b40qiwjbubcu7hh4s6cqugssgahcbj	.eJxVjEEOwiAQRe_C2hCYMrS4dN8zkAGmUjWQlHZlvLtt0oVu_3v_vYWnbc1-a7z4OYmrAHH53QLFJ5cDpAeVe5WxlnWZgzwUedImx5r4dTvdv0Cmlve3AiBjmMgEjgy9oYESusGaiF0PndOgQ2R2FvcoICqcHCbdaWdVmEB8vuP7N5Q:1sR6z9:z0bz8BrlfB0dg4aWNYjFYssKjocSFTbgkIQaWcvohyM	2024-07-23 16:18:07.576027+07
oegdlnf2xupabjla2j48matvcnihqw12	.eJxVjEEOwiAQRe_C2hCYMrS4dN8zkAGmUjWQlHZlvLtt0oVu_3v_vYWnbc1-a7z4OYmrAHH53QLFJ5cDpAeVe5WxlnWZgzwUedImx5r4dTvdv0Cmlve3AiBjmMgEjgy9oYESusGaiF0PndOgQ2R2FvcoICqcHCbdaWdVmEB8vuP7N5Q:1sRTpA:rirSlDuYhFh9XRJg1sSlwW-wG6Vp8vS-vBoLCuEQB2s	2024-07-24 16:41:20.559868+07
2l78oeuahtulfft9ni9pm7t9loky2855	.eJxVjEEOwiAQRe_C2hCYMrS4dN8zkAGmUjWQlHZlvLtt0oVu_3v_vYWnbc1-a7z4OYmrAHH53QLFJ5cDpAeVe5WxlnWZgzwUedImx5r4dTvdv0Cmlve3AiBjmMgEjgy9oYESusGaiF0PndOgQ2R2FvcoICqcHCbdaWdVmEB8vuP7N5Q:1sTF45:-8QiEueLEaT5Q-NplrFseQuZGJgZUP6yfBEhxeTV3U8	2024-07-29 13:20:01.355157+07
nazsy8zkxxs4hrx9fvlkic82yobivkzo	.eJxVjEEOwiAQRe_C2hCYMrS4dN8zkAGmUjWQlHZlvLtt0oVu_3v_vYWnbc1-a7z4OYmrAHH53QLFJ5cDpAeVe5WxlnWZgzwUedImx5r4dTvdv0Cmlve3AiBjmMgEjgy9oYESusGaiF0PndOgQ2R2FvcoICqcHCbdaWdVmEB8vuP7N5Q:1sTFk1:Lr8rFQqeJ5uz-AgBUQ69bmyjKnQ8m1xOeFMjPOAez8I	2024-07-29 14:03:21.27099+07
22m0ezt3jfmo6lh5fle0t56i31mlk2vc	.eJxVjMsOwiAQRf-FtSFQeQwu3fcbyAwDUjU0Ke3K-O_apAvd3nPOfYmI21rj1vMSJxYXAeL0uxGmR2474Du22yzT3NZlIrkr8qBdjjPn5_Vw_w4q9vqttScdwHAmMxQHhiyEgIADMRqCYkixCz4AFPC6BG_Zap_s2VlnlELx_gDewTdB:1sTFwf:6A2tv-tnmqm8hQvL3TfTIJ6LjS4VT0rLRT04W1uCRQA	2024-07-29 14:16:25.189297+07
juhscqg2qocqwi9oayh04coz7apkavmj	.eJxVjMsOwiAQRf-FtSFQeQwu3fcbyAwDUjU0Ke3K-O_apAvd3nPOfYmI21rj1vMSJxYXAeL0uxGmR2474Du22yzT3NZlIrkr8qBdjjPn5_Vw_w4q9vqttScdwHAmMxQHhiyEgIADMRqCYkixCz4AFPC6BG_Zap_s2VlnlELx_gDewTdB:1sWott:cZlwK9ihaDlUoFXxjNFBtFpimqH7JX1FbTSNvM6ROWo	2024-08-08 10:12:17.427059+07
d5padfti3rwwi1ewn2vj07g8pqa9evp9	.eJxVjMsOwiAQRf-FtSFQeQwu3fcbyAwDUjU0Ke3K-O_apAvd3nPOfYmI21rj1vMSJxYXAeL0uxGmR2474Du22yzT3NZlIrkr8qBdjjPn5_Vw_w4q9vqttScdwHAmMxQHhiyEgIADMRqCYkixCz4AFPC6BG_Zap_s2VlnlELx_gDewTdB:1sWXcZ:qh89puGYS-Ze0UsAs3R-t7UpL0JQZ_dN4iG41oCDNRw	2024-08-07 15:45:15.788837+07
wfn5fnh97yj4656i41a2kndlh8psi5tz	.eJxVjMsOwiAQRf-FtSFQeQwu3fcbyAwDUjU0Ke3K-O_apAvd3nPOfYmI21rj1vMSJxYXAeL0uxGmR2474Du22yzT3NZlIrkr8qBdjjPn5_Vw_w4q9vqttScdwHAmMxQHhiyEgIADMRqCYkixCz4AFPC6BG_Zap_s2VlnlELx_gDewTdB:1sYbqh:uVcFBFieDJ2UifxCiaHaRpY8zROw8uhtp8i-Tbt7aMY	2024-08-13 08:40:23.395186+07
cnqakpaipunuqnfhy8qnoc5wt8tyme0s	.eJxVjMsOwiAQRf-FtSFQeQwu3fcbyAwDUjU0Ke3K-O_apAvd3nPOfYmI21rj1vMSJxYXAeL0uxGmR2474Du22yzT3NZlIrkr8qBdjjPn5_Vw_w4q9vqttScdwHAmMxQHhiyEgIADMRqCYkixCz4AFPC6BG_Zap_s2VlnlELx_gDewTdB:1sTFwf:6A2tv-tnmqm8hQvL3TfTIJ6LjS4VT0rLRT04W1uCRQA	2024-07-29 14:16:25.893442+07
mlprlmq8okpv7kqhafwcvecywou2aqgq	.eJxVjMsOwiAQRf-FtSFQeQwu3fcbyAwDUjU0Ke3K-O_apAvd3nPOfYmI21rj1vMSJxYXAeL0uxGmR2474Du22yzT3NZlIrkr8qBdjjPn5_Vw_w4q9vqttScdwHAmMxQHhiyEgIADMRqCYkixCz4AFPC6BG_Zap_s2VlnlELx_gDewTdB:1sTFwf:6A2tv-tnmqm8hQvL3TfTIJ6LjS4VT0rLRT04W1uCRQA	2024-07-29 14:16:25.893442+07
ujvccvcb0yjyo3nt0bjm1xvgj60gi7xr	.eJxVjMsOwiAQRf-FtSFQeQwu3fcbyAwDUjU0Ke3K-O_apAvd3nPOfYmI21rj1vMSJxYXAeL0uxGmR2474Du22yzT3NZlIrkr8qBdjjPn5_Vw_w4q9vqttScdwHAmMxQHhiyEgIADMRqCYkixCz4AFPC6BG_Zap_s2VlnlELx_gDewTdB:1sTFwf:6A2tv-tnmqm8hQvL3TfTIJ6LjS4VT0rLRT04W1uCRQA	2024-07-29 14:16:25.911965+07
5pe689l32zcq43r04zegtgtxa8qxcjp8	.eJxVjMsOwiAQRf-FtSFQeQwu3fcbyAwDUjU0Ke3K-O_apAvd3nPOfYmI21rj1vMSJxYXAeL0uxGmR2474Du22yzT3NZlIrkr8qBdjjPn5_Vw_w4q9vqttScdwHAmMxQHhiyEgIADMRqCYkixCz4AFPC6BG_Zap_s2VlnlELx_gDewTdB:1sTFwr:l3c8z2O5grj8lR6mYBSoBAlwXaGJfOCkdD_pDM7uLMc	2024-07-29 14:16:37.36604+07
z4tsto31lyqnu38buj3jl9pqehuulydj	.eJxVjMsOwiAQRf-FtSFQeQwu3fcbyAwDUjU0Ke3K-O_apAvd3nPOfYmI21rj1vMSJxYXAeL0uxGmR2474Du22yzT3NZlIrkr8qBdjjPn5_Vw_w4q9vqttScdwHAmMxQHhiyEgIADMRqCYkixCz4AFPC6BG_Zap_s2VlnlELx_gDewTdB:1sTFwW:lxoeJhun6WEDaFEocCy__uhthB4kqSEi92Giz4L3Sgo	2024-07-29 14:16:16.571686+07
552hqg1akspikdcsyl9ff3j574yado5p	.eJxVjMsOwiAQRf-FtSFQeQwu3fcbyAwDUjU0Ke3K-O_apAvd3nPOfYmI21rj1vMSJxYXAeL0uxGmR2474Du22yzT3NZlIrkr8qBdjjPn5_Vw_w4q9vqttScdwHAmMxQHhiyEgIADMRqCYkixCz4AFPC6BG_Zap_s2VlnlELx_gDewTdB:1sTFwZ:Gp6o2nwBPZwHvtNvVeQmuvHsMyp7VW2iMVjaKHkWxAQ	2024-07-29 14:16:19.101717+07
t81f0dj602b3e07v85wnn773va1783jw	.eJxVjMsOwiAQRf-FtSFQeQwu3fcbyAwDUjU0Ke3K-O_apAvd3nPOfYmI21rj1vMSJxYXAeL0uxGmR2474Du22yzT3NZlIrkr8qBdjjPn5_Vw_w4q9vqttScdwHAmMxQHhiyEgIADMRqCYkixCz4AFPC6BG_Zap_s2VlnlELx_gDewTdB:1sWoAU:2B_RISMmLRbmfqyp0uQepf1K7cwgelSNtCmlx2eTIq8	2024-08-08 09:25:22.631543+07
xii7xup5x6kkhuf7rx14isu8r47orpwa	.eJxVjMsOwiAQRf-FtSFQeQwu3fcbyAwDUjU0Ke3K-O_apAvd3nPOfYmI21rj1vMSJxYXAeL0uxGmR2474Du22yzT3NZlIrkr8qBdjjPn5_Vw_w4q9vqttScdwHAmMxQHhiyEgIADMRqCYkixCz4AFPC6BG_Zap_s2VlnlELx_gDewTdB:1sTFwe:gXpDH8f5nHSYFANp0o4Uy73jbYVmIk40cXle_ANYkAM	2024-07-29 14:16:24.678131+07
3okkqkhin7p4f1ybr8uk42wovwqry03b	.eJxVjEEOwiAQRe_C2hCYMrS4dN8zkAGmUjWQlHZlvLtt0oVu_3v_vYWnbc1-a7z4OYmrAHH53QLFJ5cDpAeVe5WxlnWZgzwUedImx5r4dTvdv0Cmlve3AiBjmMgEjgy9oYESusGaiF0PndOgQ2R2FvcoICqcHCbdaWdVmEB8vuP7N5Q:1sWoWm:_vwNUyW-kI0ZyQWNLLRAt6oAOCi9iaZJ64H5nsS2UTo	2024-08-08 09:48:24.760609+07
roing8gmyxkzbih5t228rrkr0vbekprq	.eJxVjMsOwiAQRf-FtSFQeQwu3fcbyAwDUjU0Ke3K-O_apAvd3nPOfYmI21rj1vMSJxYXAeL0uxGmR2474Du22yzT3NZlIrkr8qBdjjPn5_Vw_w4q9vqttScdwHAmMxQHhiyEgIADMRqCYkixCz4AFPC6BG_Zap_s2VlnlELx_gDewTdB:1sU0US:SvaCpTaWvkxTvJ2Q2ORagO_-4mSAnwH9ez75f1Jpi6k	2024-07-31 15:58:24.442392+07
sa673fekl9wvjzak5qvgzq45yiu4ckof	.eJxVjMsOwiAQRf-FtSFQeQwu3fcbyAwDUjU0Ke3K-O_apAvd3nPOfYmI21rj1vMSJxYXAeL0uxGmR2474Du22yzT3NZlIrkr8qBdjjPn5_Vw_w4q9vqttScdwHAmMxQHhiyEgIADMRqCYkixCz4AFPC6BG_Zap_s2VlnlELx_gDewTdB:1sU0Vd:Vb2Wgu6ROxdrJbi8CNoz3ungsxnNhzQRBxPV2mkQt0A	2024-07-31 15:59:37.303663+07
n1r01uow9d1db73om4e1tadk86qe46cn	.eJxVjMsOwiAQRf-FtSFQeQwu3fcbyAwDUjU0Ke3K-O_apAvd3nPOfYmI21rj1vMSJxYXAeL0uxGmR2474Du22yzT3NZlIrkr8qBdjjPn5_Vw_w4q9vqttScdwHAmMxQHhiyEgIADMRqCYkixCz4AFPC6BG_Zap_s2VlnlELx_gDewTdB:1sUQx6:SZCCG4EyUq0WCMT26Ic538hmlTOBwJIP1um4fA2csq0	2024-08-01 20:13:44.589339+07
zrz4wkgtf43nrsxlcr2951ecajkt8l6w	.eJxVjMsOwiAQRf-FtSFQeQwu3fcbyAwDUjU0Ke3K-O_apAvd3nPOfYmI21rj1vMSJxYXAeL0uxGmR2474Du22yzT3NZlIrkr8qBdjjPn5_Vw_w4q9vqttScdwHAmMxQHhiyEgIADMRqCYkixCz4AFPC6BG_Zap_s2VlnlELx_gDewTdB:1sUSAe:yTNd4CJXmmag8GxoBp6rbYLPFGJHNFjgoiVURFbIAf8	2024-08-01 21:31:48.96686+07
ikywhjljmromr896hh1wfv3fevm0r43x	.eJxVjMsOwiAQRf-FtSFQeQwu3fcbyAwDUjU0Ke3K-O_apAvd3nPOfYmI21rj1vMSJxYXAeL0uxGmR2474Du22yzT3NZlIrkr8qBdjjPn5_Vw_w4q9vqttScdwHAmMxQHhiyEgIADMRqCYkixCz4AFPC6BG_Zap_s2VlnlELx_gDewTdB:1sUSD5:Ydf_a_5_gVZ8qR5TKmJT5SwnNTusZpj1qyaYxDP_xpI	2024-08-01 21:34:19.719657+07
8l0h2hnndpbm7y8ow193oyusi6qjf0xc	.eJxVjMsOwiAQRf-FtSFQeQwu3fcbyAwDUjU0Ke3K-O_apAvd3nPOfYmI21rj1vMSJxYXAeL0uxGmR2474Du22yzT3NZlIrkr8qBdjjPn5_Vw_w4q9vqttScdwHAmMxQHhiyEgIADMRqCYkixCz4AFPC6BG_Zap_s2VlnlELx_gDewTdB:1sUSeR:K9hZB-SvK-igdq85IB4Uf1KRC5r5RmP6UkcT232r6N8	2024-08-01 22:02:35.273433+07
hqn8jgcduggrgql363y1em5p1jvu35lx	.eJxVjMsOwiAQRf-FtSFQeQwu3fcbyAwDUjU0Ke3K-O_apAvd3nPOfYmI21rj1vMSJxYXAeL0uxGmR2474Du22yzT3NZlIrkr8qBdjjPn5_Vw_w4q9vqttScdwHAmMxQHhiyEgIADMRqCYkixCz4AFPC6BG_Zap_s2VlnlELx_gDewTdB:1sUSfE:KfM__XsvFhrtR2eNQWBFvzjYyVajBp9hXhisWY6EMwY	2024-08-01 22:03:24.851936+07
zu4j5t0hnie97ga9jcs1b30xaobjll4e	.eJxVjMsOwiAQRf-FtSFQeQwu3fcbyAwDUjU0Ke3K-O_apAvd3nPOfYmI21rj1vMSJxYXAeL0uxGmR2474Du22yzT3NZlIrkr8qBdjjPn5_Vw_w4q9vqttScdwHAmMxQHhiyEgIADMRqCYkixCz4AFPC6BG_Zap_s2VlnlELx_gDewTdB:1sUShI:Gv1dMZfIMO0kXI2yVldcxLR-kTU2-Y2gfJ5zo6qglIU	2024-08-01 22:05:32.426488+07
16oa5qum5wyu9hwn6ikbjfnw8aux3ml6	.eJxVjMsOwiAQRf-FtSFQeQwu3fcbyAwDUjU0Ke3K-O_apAvd3nPOfYmI21rj1vMSJxYXAeL0uxGmR2474Du22yzT3NZlIrkr8qBdjjPn5_Vw_w4q9vqttScdwHAmMxQHhiyEgIADMRqCYkixCz4AFPC6BG_Zap_s2VlnlELx_gDewTdB:1sUhLL:MSSzbEL-vC60q7CMH0EjY31gP3AMhwIO9BLRRIqKAKM	2024-08-02 13:43:51.994071+07
bm6bs86xj4usa9ntqwh6z3r8hwvczdap	.eJxVjMsOwiAQRf-FtSFQeQwu3fcbyAwDUjU0Ke3K-O_apAvd3nPOfYmI21rj1vMSJxYXAeL0uxGmR2474Du22yzT3NZlIrkr8qBdjjPn5_Vw_w4q9vqttScdwHAmMxQHhiyEgIADMRqCYkixCz4AFPC6BG_Zap_s2VlnlELx_gDewTdB:1sVi8B:v0oa7VWdgPVCr5jAOeWx91IDOJXXWekfcUjemvcGDIs	2024-08-05 08:46:27.485217+07
8wzeo3j5eyjlbekefzp301smszhlc8jw	.eJxVjMsOwiAQRf-FtSFQeQwu3fcbyAwDUjU0Ke3K-O_apAvd3nPOfYmI21rj1vMSJxYXAeL0uxGmR2474Du22yzT3NZlIrkr8qBdjjPn5_Vw_w4q9vqttScdwHAmMxQHhiyEgIADMRqCYkixCz4AFPC6BG_Zap_s2VlnlELx_gDewTdB:1sVnDF:D7iNnidU2k2LO32yP2I-pKgIcj6S4HU1PRg-a1G1pOw	2024-08-05 14:12:01.481711+07
cgjvgb1ld6jfzu5ca5gx671ug3tzmp86	.eJxVjMsOwiAQRf-FtSFQeQwu3fcbyAwDUjU0Ke3K-O_apAvd3nPOfYmI21rj1vMSJxYXAeL0uxGmR2474Du22yzT3NZlIrkr8qBdjjPn5_Vw_w4q9vqttScdwHAmMxQHhiyEgIADMRqCYkixCz4AFPC6BG_Zap_s2VlnlELx_gDewTdB:1sWRqO:pWf7Fat6wXFs0NS0l5jeZxg1_xzTMexZ3GO9BJXfmtY	2024-08-07 09:35:08.607256+07
4eprazwhs1houmpgjtft8m63lfpa5029	.eJxVjMsOwiAQRf-FtSFQeQwu3fcbyAwDUjU0Ke3K-O_apAvd3nPOfYmI21rj1vMSJxYXAeL0uxGmR2474Du22yzT3NZlIrkr8qBdjjPn5_Vw_w4q9vqttScdwHAmMxQHhiyEgIADMRqCYkixCz4AFPC6BG_Zap_s2VlnlELx_gDewTdB:1sWRtl:wjRGnSVzHtdwdKye2o9id5XG3ifM4c3TMd1Vswm9qR4	2024-08-07 09:38:37.367315+07
blscq6wil9wuh6b79398136fsrvoppqm	.eJxVjMsOwiAQRf-FtSFQeQwu3fcbyAwDUjU0Ke3K-O_apAvd3nPOfYmI21rj1vMSJxYXAeL0uxGmR2474Du22yzT3NZlIrkr8qBdjjPn5_Vw_w4q9vqttScdwHAmMxQHhiyEgIADMRqCYkixCz4AFPC6BG_Zap_s2VlnlELx_gDewTdB:1sWRuH:e0Jdp68fa8E-h1HxVbSgzgB5r3goUpaExbiYgwYwut4	2024-08-07 09:39:09.083005+07
zod3d311xvwz346km4bllova5suovlrv	.eJxVjMsOwiAQRf-FtSFQeQwu3fcbyAwDUjU0Ke3K-O_apAvd3nPOfYmI21rj1vMSJxYXAeL0uxGmR2474Du22yzT3NZlIrkr8qBdjjPn5_Vw_w4q9vqttScdwHAmMxQHhiyEgIADMRqCYkixCz4AFPC6BG_Zap_s2VlnlELx_gDewTdB:1sWRvn:I0Q4EoDNxYGZER-e3f49hioI7f5LGEK-g7uiEq_JFkk	2024-08-07 09:40:43.284353+07
w9bh1ruuh4qb82z2lu5osp48l83y2ttd	.eJxVjMsOwiAQRf-FtSFQeQwu3fcbyAwDUjU0Ke3K-O_apAvd3nPOfYmI21rj1vMSJxYXAeL0uxGmR2474Du22yzT3NZlIrkr8qBdjjPn5_Vw_w4q9vqttScdwHAmMxQHhiyEgIADMRqCYkixCz4AFPC6BG_Zap_s2VlnlELx_gDewTdB:1sWVby:t0hBxkh5X-479nETlVy7v3FsRQwxiEDyU53K1p1N0EM	2024-08-07 13:36:30.516078+07
\.


--
-- TOC entry 3270 (class 0 OID 61486)
-- Dependencies: 216
-- Data for Name: django_site; Type: TABLE DATA; Schema: public; Owner: postgres
--

COPY public.django_site (id, domain, name) FROM stdin;
1	http://localhost:8001/	http://localhost:8001/
\.


--
-- TOC entry 3309 (class 0 OID 62012)
-- Dependencies: 255
-- Data for Name: feedback_feedback; Type: TABLE DATA; Schema: public; Owner: postgres
--

COPY public.feedback_feedback (id, satisfaction, type, page, message, attachment, created_at, user_id) FROM stdin;
1	okokok	oke	4	bagaimana?		2024-07-15 08:56:07.784582+07	8
\.


--
-- TOC entry 3312 (class 0 OID 62038)
-- Dependencies: 258
-- Data for Name: landing_swiper; Type: TABLE DATA; Schema: public; Owner: postgres
--

COPY public.landing_swiper ("order", is_show, slide_id) FROM stdin;
1	t	2f38bcea-4bca-4a57-b3cd-8a8219249906
\.


--
-- TOC entry 3310 (class 0 OID 62027)
-- Dependencies: 256
-- Data for Name: landing_swiperslide; Type: TABLE DATA; Schema: public; Owner: postgres
--

COPY public.landing_swiperslide (id, category, title, subtitle, description, button_text, event_speaker, event_speaker_origin, event_registration_link, event_start, event_end, event_is_online, video_duration, video_link, product_link, font_color, background_colors, is_active, created_at, updated_at, image) FROM stdin;
2f38bcea-4bca-4a57-b3cd-8a8219249906	product	Instagram 4.0	Ig	oke	ayo klik	Diptya Bagus Sumantry	Sarjana komputer	https://www.djangoproject.com/start/	2024-07-29 08:58:27+07	2024-07-30 08:58:30+07	t	120	https://www.youtube.com/watch?v=0Z0aaxUb7qk&list=RDR09RAekLz4g&index=2	https://www.youtube.com/watch?v=0Z0aaxUb7qk&list=RDR09RAekLz4g&index=2	#49FF56	\N	t	2024-07-15 08:59:39.038466+07	2024-07-15 08:59:39.038466+07	
\.


--
-- TOC entry 3313 (class 0 OID 62050)
-- Dependencies: 259
-- Data for Name: payments_product; Type: TABLE DATA; Schema: public; Owner: postgres
--

COPY public.payments_product (id, transaction_status, transaction_details, created_at, updated_at, deleted_at, subscription_plan_id, user_id) FROM stdin;
\.


--
-- TOC entry 3285 (class 0 OID 61738)
-- Dependencies: 231
-- Data for Name: push_notifications_apnsdevice; Type: TABLE DATA; Schema: public; Owner: postgres
--

COPY public.push_notifications_apnsdevice (id, name, active, date_created, device_id, registration_id, user_id, application_id) FROM stdin;
\.


--
-- TOC entry 3287 (class 0 OID 61748)
-- Dependencies: 233
-- Data for Name: push_notifications_gcmdevice; Type: TABLE DATA; Schema: public; Owner: postgres
--

COPY public.push_notifications_gcmdevice (id, name, active, date_created, device_id, registration_id, user_id, cloud_message_type, application_id) FROM stdin;
\.


--
-- TOC entry 3291 (class 0 OID 61799)
-- Dependencies: 237
-- Data for Name: push_notifications_webpushdevice; Type: TABLE DATA; Schema: public; Owner: postgres
--

COPY public.push_notifications_webpushdevice (id, name, active, date_created, application_id, registration_id, p256dh, auth, browser, user_id) FROM stdin;
\.


--
-- TOC entry 3289 (class 0 OID 61777)
-- Dependencies: 235
-- Data for Name: push_notifications_wnsdevice; Type: TABLE DATA; Schema: public; Owner: postgres
--

COPY public.push_notifications_wnsdevice (id, name, active, date_created, device_id, registration_id, user_id, application_id) FROM stdin;
\.


--
-- TOC entry 3292 (class 0 OID 61823)
-- Dependencies: 238
-- Data for Name: rest_framework_sso_sessiontoken; Type: TABLE DATA; Schema: public; Owner: postgres
--

COPY public.rest_framework_sso_sessiontoken (id, ip_address, user_agent, created_at, revoked_at, user_id, last_used_at, client_id) FROM stdin;
7e196c7c-3547-496d-85de-8f2edc333d70	127.0.0.1	PostmanRuntime/7.39.0	2024-06-21 16:14:56.367668+07	\N	2	\N	
d3a14cbc-e7fa-4afb-b447-57d413eaa2e4	127.0.0.1	PostmanRuntime/7.40.0	2024-07-18 20:13:44.227343+07	\N	8	\N	
1d7eb4c1-25ea-44bf-a64c-eb6f2bfadb16	127.0.0.1	Mozilla/5.0 (Windows NT 10.0; Win64; x64) AppleWebKit/537.36 (KHTML, like Gecko) Chrome/126.0.0.0 Safari/537.36	2024-07-25 09:48:24.152641+07	\N	2	\N	
2b175705-619d-4a56-997e-22f0bb1ea1e9	127.0.0.1	Mozilla/5.0 (Windows NT 10.0; Win64; x64) AppleWebKit/537.36 (KHTML, like Gecko) Chrome/126.0.0.0 Safari/537.36	2024-07-25 10:12:17.236489+07	\N	8	\N	
1ebc707f-0319-4235-9b7e-88d1fb8382c9	127.0.0.1	PostmanRuntime/7.40.0	2024-07-09 16:33:40.712348+07	\N	1	\N	
897c5aa2-ab31-492d-b5ba-6414777b7dff	127.0.0.1	Mozilla/5.0 (Windows NT 10.0; Win64; x64) AppleWebKit/537.36 (KHTML, like Gecko) Chrome/127.0.0.0 Safari/537.36	2024-07-30 08:39:52.682503+07	\N	8	\N	
0e120b7f-9078-493e-9a84-42b6739dac5d	127.0.0.1	Mozilla/5.0 (Windows NT 10.0; Win64; x64) AppleWebKit/537.36 (KHTML, like Gecko) Chrome/126.0.0.0 Safari/537.36	2024-06-21 16:12:32.707196+07	\N	3	\N	
676c517e-ca05-4565-bcf6-9f22259528aa	127.0.0.1	PostmanRuntime/7.40.0	2024-07-09 16:18:06.575102+07	\N	2	\N	
\.


--
-- TOC entry 3294 (class 0 OID 61844)
-- Dependencies: 240
-- Data for Name: socialaccount_socialaccount; Type: TABLE DATA; Schema: public; Owner: postgres
--

COPY public.socialaccount_socialaccount (id, provider, uid, last_login, date_joined, extra_data, user_id) FROM stdin;
1	facebook	e7717eb8-e26e-4394-8a8e-564c5984f760	2024-07-15 08:37:51.066244+07	2024-07-15 08:37:51.066244+07	{}	8
\.


--
-- TOC entry 3296 (class 0 OID 61855)
-- Dependencies: 242
-- Data for Name: socialaccount_socialapp; Type: TABLE DATA; Schema: public; Owner: postgres
--

COPY public.socialaccount_socialapp (id, provider, name, client_id, secret, key) FROM stdin;
4	facebook	Diptya Bagus Sumantry	1466323434276571	43f1844d3e74588318509a62501a1966	
\.


--
-- TOC entry 3298 (class 0 OID 61863)
-- Dependencies: 244
-- Data for Name: socialaccount_socialapp_sites; Type: TABLE DATA; Schema: public; Owner: postgres
--

COPY public.socialaccount_socialapp_sites (id, socialapp_id, site_id) FROM stdin;
3	4	1
\.


--
-- TOC entry 3300 (class 0 OID 61871)
-- Dependencies: 246
-- Data for Name: socialaccount_socialtoken; Type: TABLE DATA; Schema: public; Owner: postgres
--

COPY public.socialaccount_socialtoken (id, token, token_secret, expires_at, account_id, app_id) FROM stdin;
1	d1db23c59004626ce93df981381192cd	43f1844d3e74588318509a62501a1966	2025-07-15 08:38:21+07	1	4
\.


--
-- TOC entry 3302 (class 0 OID 61921)
-- Dependencies: 248
-- Data for Name: store_product; Type: TABLE DATA; Schema: public; Owner: postgres
--

COPY public.store_product (id, name, description, app_link, extra_data, landing_link, is_active, nickname) FROM stdin;
1	Instagram	mantaps	instagram.com	{}	instagram.com	t	IG
\.


--
-- TOC entry 3306 (class 0 OID 61947)
-- Dependencies: 252
-- Data for Name: subscriptions_history; Type: TABLE DATA; Schema: public; Owner: postgres
--

COPY public.subscriptions_history (id, "timestamp", price_paid, updated_period_start, updated_period_end, admin_id, updated_subscription_group_id, user_id) FROM stdin;
1	2024-07-15 09:06:20.001656+07	100000	2024-07-10 07:00:00+07	2025-07-10 07:00:00+07	8	1	8
\.


--
-- TOC entry 3304 (class 0 OID 61934)
-- Dependencies: 250
-- Data for Name: subscriptions_plan; Type: TABLE DATA; Schema: public; Owner: postgres
--

COPY public.subscriptions_plan (id, name, description, price, period_days, perks, extra_data, product_id) FROM stdin;
1	Premium	premium gold	100000	30	\N	{}	1
\.


--
-- TOC entry 3307 (class 0 OID 61953)
-- Dependencies: 253
-- Data for Name: subscriptions_subscription; Type: TABLE DATA; Schema: public; Owner: postgres
--

COPY public.subscriptions_subscription (id, status, period_start, period_end, created_at, updated_at, group_id, plan_id, product_id, user_id) FROM stdin;
0586a16a-7fe0-4ea8-964a-a1d6c6f857bd	active	2024-07-10 00:00:00+07	2025-07-10 00:00:00+07	2024-07-10 00:00:00+07	2024-07-12 14:43:52.638088+07	1	1	1	8
\.


--
-- TOC entry 3278 (class 0 OID 61645)
-- Dependencies: 224
-- Data for Name: users_category; Type: TABLE DATA; Schema: public; Owner: postgres
--

COPY public.users_category (id, name) FROM stdin;
1	admin
\.


--
-- TOC entry 3272 (class 0 OID 61616)
-- Dependencies: 218
-- Data for Name: users_user; Type: TABLE DATA; Schema: public; Owner: postgres
--

COPY public.users_user (id, password, last_login, is_superuser, first_name, last_name, is_staff, is_active, date_joined, email) FROM stdin;
3	pbkdf2_sha256$216000$jQ959obsyX7Z$9B9J3ocj2GQIkldwid7BEjIuTGox7DnRwzVw0Bm7T1o=	2024-06-28 14:07:58.417908+07	f	Aji	Aji	f	t	2024-06-21 16:09:08.430646+07	aji@example.com
2	pbkdf2_sha256$216000$ZRpbrUCNYO3W$gC7X2FHGnHqZMbuHMGuCuLf9+WpAtSBE160+apLMa58=	2024-07-25 09:48:24.298958+07	f	Diptya Oke	Sumantry Siap	f	t	2024-06-21 15:54:05.159704+07	bagus@example.com
8	pbkdf2_sha256$216000$f5lcPQtm0igb$TgAaTfwX7m38JvMYwGjytF09A4FjOuq+9dYBZeSmuo0=	2024-07-30 08:39:52.825928+07	t	adip	adip	t	t	2024-07-10 11:25:21.989179+07	adip@gmail.com
1	pbkdf2_sha256$216000$S29cWYvNVkpl$vYybpUrY0d/8sobRKJFhrGiWygMj81JE1zpqVw1arv0=	2024-07-09 16:40:26.823757+07	f	Diptya	sumantry	f	t	2024-06-21 14:47:00.927555+07	diptyasoemantry@gmail.com
\.


--
-- TOC entry 3274 (class 0 OID 61629)
-- Dependencies: 220
-- Data for Name: users_user_groups; Type: TABLE DATA; Schema: public; Owner: postgres
--

COPY public.users_user_groups (id, user_id, group_id) FROM stdin;
\.


--
-- TOC entry 3279 (class 0 OID 61651)
-- Dependencies: 225
-- Data for Name: users_user_profile; Type: TABLE DATA; Schema: public; Owner: postgres
--

COPY public.users_user_profile (user_id, phone, photo, extra_data, category_id) FROM stdin;
2	08512345678		{"data": "oke"}	1
\.


--
-- TOC entry 3276 (class 0 OID 61637)
-- Dependencies: 222
-- Data for Name: users_user_user_permissions; Type: TABLE DATA; Schema: public; Owner: postgres
--

COPY public.users_user_user_permissions (id, user_id, permission_id) FROM stdin;
\.


--
-- TOC entry 3338 (class 0 OID 0)
-- Dependencies: 226
-- Name: account_emailaddress_id_seq; Type: SEQUENCE SET; Schema: public; Owner: postgres
--

SELECT pg_catalog.setval('public.account_emailaddress_id_seq', 2, true);


--
-- TOC entry 3339 (class 0 OID 0)
-- Dependencies: 228
-- Name: account_emailconfirmation_id_seq; Type: SEQUENCE SET; Schema: public; Owner: postgres
--

SELECT pg_catalog.setval('public.account_emailconfirmation_id_seq', 2, true);


--
-- TOC entry 3340 (class 0 OID 0)
-- Dependencies: 202
-- Name: auth_group_id_seq; Type: SEQUENCE SET; Schema: public; Owner: postgres
--

SELECT pg_catalog.setval('public.auth_group_id_seq', 1, true);


--
-- TOC entry 3341 (class 0 OID 0)
-- Dependencies: 204
-- Name: auth_group_permissions_id_seq; Type: SEQUENCE SET; Schema: public; Owner: postgres
--

SELECT pg_catalog.setval('public.auth_group_permissions_id_seq', 140, true);


--
-- TOC entry 3342 (class 0 OID 0)
-- Dependencies: 200
-- Name: auth_permission_id_seq; Type: SEQUENCE SET; Schema: public; Owner: postgres
--

SELECT pg_catalog.setval('public.auth_permission_id_seq', 140, true);


--
-- TOC entry 3343 (class 0 OID 0)
-- Dependencies: 208
-- Name: auth_user_groups_id_seq; Type: SEQUENCE SET; Schema: public; Owner: postgres
--

SELECT pg_catalog.setval('public.auth_user_groups_id_seq', 1, false);


--
-- TOC entry 3344 (class 0 OID 0)
-- Dependencies: 206
-- Name: auth_user_id_seq; Type: SEQUENCE SET; Schema: public; Owner: postgres
--

SELECT pg_catalog.setval('public.auth_user_id_seq', 1, true);


--
-- TOC entry 3345 (class 0 OID 0)
-- Dependencies: 210
-- Name: auth_user_user_permissions_id_seq; Type: SEQUENCE SET; Schema: public; Owner: postgres
--

SELECT pg_catalog.setval('public.auth_user_user_permissions_id_seq', 1, false);


--
-- TOC entry 3346 (class 0 OID 0)
-- Dependencies: 212
-- Name: django_admin_log_id_seq; Type: SEQUENCE SET; Schema: public; Owner: postgres
--

SELECT pg_catalog.setval('public.django_admin_log_id_seq', 11, true);


--
-- TOC entry 3347 (class 0 OID 0)
-- Dependencies: 198
-- Name: django_content_type_id_seq; Type: SEQUENCE SET; Schema: public; Owner: postgres
--

SELECT pg_catalog.setval('public.django_content_type_id_seq', 35, true);


--
-- TOC entry 3348 (class 0 OID 0)
-- Dependencies: 196
-- Name: django_migrations_id_seq; Type: SEQUENCE SET; Schema: public; Owner: postgres
--

SELECT pg_catalog.setval('public.django_migrations_id_seq', 53, true);


--
-- TOC entry 3349 (class 0 OID 0)
-- Dependencies: 215
-- Name: django_site_id_seq; Type: SEQUENCE SET; Schema: public; Owner: postgres
--

SELECT pg_catalog.setval('public.django_site_id_seq', 1, true);


--
-- TOC entry 3350 (class 0 OID 0)
-- Dependencies: 254
-- Name: feedback_feedback_id_seq; Type: SEQUENCE SET; Schema: public; Owner: postgres
--

SELECT pg_catalog.setval('public.feedback_feedback_id_seq', 1, true);


--
-- TOC entry 3351 (class 0 OID 0)
-- Dependencies: 257
-- Name: landing_swiper_order_seq; Type: SEQUENCE SET; Schema: public; Owner: postgres
--

SELECT pg_catalog.setval('public.landing_swiper_order_seq', 1, false);


--
-- TOC entry 3352 (class 0 OID 0)
-- Dependencies: 230
-- Name: push_notifications_apnsdevice_id_seq; Type: SEQUENCE SET; Schema: public; Owner: postgres
--

SELECT pg_catalog.setval('public.push_notifications_apnsdevice_id_seq', 1, false);


--
-- TOC entry 3353 (class 0 OID 0)
-- Dependencies: 232
-- Name: push_notifications_gcmdevice_id_seq; Type: SEQUENCE SET; Schema: public; Owner: postgres
--

SELECT pg_catalog.setval('public.push_notifications_gcmdevice_id_seq', 1, false);


--
-- TOC entry 3354 (class 0 OID 0)
-- Dependencies: 236
-- Name: push_notifications_webpushdevice_id_seq; Type: SEQUENCE SET; Schema: public; Owner: postgres
--

SELECT pg_catalog.setval('public.push_notifications_webpushdevice_id_seq', 1, false);


--
-- TOC entry 3355 (class 0 OID 0)
-- Dependencies: 234
-- Name: push_notifications_wnsdevice_id_seq; Type: SEQUENCE SET; Schema: public; Owner: postgres
--

SELECT pg_catalog.setval('public.push_notifications_wnsdevice_id_seq', 1, false);


--
-- TOC entry 3356 (class 0 OID 0)
-- Dependencies: 239
-- Name: socialaccount_socialaccount_id_seq; Type: SEQUENCE SET; Schema: public; Owner: postgres
--

SELECT pg_catalog.setval('public.socialaccount_socialaccount_id_seq', 1, true);


--
-- TOC entry 3357 (class 0 OID 0)
-- Dependencies: 241
-- Name: socialaccount_socialapp_id_seq; Type: SEQUENCE SET; Schema: public; Owner: postgres
--

SELECT pg_catalog.setval('public.socialaccount_socialapp_id_seq', 4, true);


--
-- TOC entry 3358 (class 0 OID 0)
-- Dependencies: 243
-- Name: socialaccount_socialapp_sites_id_seq; Type: SEQUENCE SET; Schema: public; Owner: postgres
--

SELECT pg_catalog.setval('public.socialaccount_socialapp_sites_id_seq', 3, true);


--
-- TOC entry 3359 (class 0 OID 0)
-- Dependencies: 245
-- Name: socialaccount_socialtoken_id_seq; Type: SEQUENCE SET; Schema: public; Owner: postgres
--

SELECT pg_catalog.setval('public.socialaccount_socialtoken_id_seq', 1, true);


--
-- TOC entry 3360 (class 0 OID 0)
-- Dependencies: 247
-- Name: store_product_id_seq; Type: SEQUENCE SET; Schema: public; Owner: postgres
--

SELECT pg_catalog.setval('public.store_product_id_seq', 2, true);


--
-- TOC entry 3361 (class 0 OID 0)
-- Dependencies: 251
-- Name: subscriptions_history_id_seq; Type: SEQUENCE SET; Schema: public; Owner: postgres
--

SELECT pg_catalog.setval('public.subscriptions_history_id_seq', 1, true);


--
-- TOC entry 3362 (class 0 OID 0)
-- Dependencies: 249
-- Name: subscriptions_plan_id_seq; Type: SEQUENCE SET; Schema: public; Owner: postgres
--

SELECT pg_catalog.setval('public.subscriptions_plan_id_seq', 1, true);


--
-- TOC entry 3363 (class 0 OID 0)
-- Dependencies: 223
-- Name: users_category_id_seq; Type: SEQUENCE SET; Schema: public; Owner: postgres
--

SELECT pg_catalog.setval('public.users_category_id_seq', 1, false);


--
-- TOC entry 3364 (class 0 OID 0)
-- Dependencies: 219
-- Name: users_user_groups_id_seq; Type: SEQUENCE SET; Schema: public; Owner: postgres
--

SELECT pg_catalog.setval('public.users_user_groups_id_seq', 1, false);


--
-- TOC entry 3365 (class 0 OID 0)
-- Dependencies: 217
-- Name: users_user_id_seq; Type: SEQUENCE SET; Schema: public; Owner: postgres
--

SELECT pg_catalog.setval('public.users_user_id_seq', 8, true);


--
-- TOC entry 3366 (class 0 OID 0)
-- Dependencies: 221
-- Name: users_user_user_permissions_id_seq; Type: SEQUENCE SET; Schema: public; Owner: postgres
--

SELECT pg_catalog.setval('public.users_user_user_permissions_id_seq', 1, false);


--
-- TOC entry 2995 (class 2606 OID 61734)
-- Name: account_emailaddress account_emailaddress_email_key; Type: CONSTRAINT; Schema: public; Owner: postgres
--

ALTER TABLE ONLY public.account_emailaddress
    ADD CONSTRAINT account_emailaddress_email_key UNIQUE (email);


--
-- TOC entry 2997 (class 2606 OID 61706)
-- Name: account_emailaddress account_emailaddress_pkey; Type: CONSTRAINT; Schema: public; Owner: postgres
--

ALTER TABLE ONLY public.account_emailaddress
    ADD CONSTRAINT account_emailaddress_pkey PRIMARY KEY (id);


--
-- TOC entry 3002 (class 2606 OID 61718)
-- Name: account_emailconfirmation account_emailconfirmation_key_key; Type: CONSTRAINT; Schema: public; Owner: postgres
--

ALTER TABLE ONLY public.account_emailconfirmation
    ADD CONSTRAINT account_emailconfirmation_key_key UNIQUE (key);


--
-- TOC entry 3004 (class 2606 OID 61716)
-- Name: account_emailconfirmation account_emailconfirmation_pkey; Type: CONSTRAINT; Schema: public; Owner: postgres
--

ALTER TABLE ONLY public.account_emailconfirmation
    ADD CONSTRAINT account_emailconfirmation_pkey PRIMARY KEY (id);


--
-- TOC entry 2932 (class 2606 OID 61472)
-- Name: auth_group auth_group_name_key; Type: CONSTRAINT; Schema: public; Owner: postgres
--

ALTER TABLE ONLY public.auth_group
    ADD CONSTRAINT auth_group_name_key UNIQUE (name);


--
-- TOC entry 2937 (class 2606 OID 61400)
-- Name: auth_group_permissions auth_group_permissions_group_id_permission_id_0cd325b0_uniq; Type: CONSTRAINT; Schema: public; Owner: postgres
--

ALTER TABLE ONLY public.auth_group_permissions
    ADD CONSTRAINT auth_group_permissions_group_id_permission_id_0cd325b0_uniq UNIQUE (group_id, permission_id);


--
-- TOC entry 2940 (class 2606 OID 61366)
-- Name: auth_group_permissions auth_group_permissions_pkey; Type: CONSTRAINT; Schema: public; Owner: postgres
--

ALTER TABLE ONLY public.auth_group_permissions
    ADD CONSTRAINT auth_group_permissions_pkey PRIMARY KEY (id);


--
-- TOC entry 2934 (class 2606 OID 61357)
-- Name: auth_group auth_group_pkey; Type: CONSTRAINT; Schema: public; Owner: postgres
--

ALTER TABLE ONLY public.auth_group
    ADD CONSTRAINT auth_group_pkey PRIMARY KEY (id);


--
-- TOC entry 2927 (class 2606 OID 61391)
-- Name: auth_permission auth_permission_content_type_id_codename_01ab375a_uniq; Type: CONSTRAINT; Schema: public; Owner: postgres
--

ALTER TABLE ONLY public.auth_permission
    ADD CONSTRAINT auth_permission_content_type_id_codename_01ab375a_uniq UNIQUE (content_type_id, codename);


--
-- TOC entry 2929 (class 2606 OID 61350)
-- Name: auth_permission auth_permission_pkey; Type: CONSTRAINT; Schema: public; Owner: postgres
--

ALTER TABLE ONLY public.auth_permission
    ADD CONSTRAINT auth_permission_pkey PRIMARY KEY (id);


--
-- TOC entry 2948 (class 2606 OID 61382)
-- Name: auth_user_groups auth_user_groups_pkey; Type: CONSTRAINT; Schema: public; Owner: postgres
--

ALTER TABLE ONLY public.auth_user_groups
    ADD CONSTRAINT auth_user_groups_pkey PRIMARY KEY (id);


--
-- TOC entry 2951 (class 2606 OID 61415)
-- Name: auth_user_groups auth_user_groups_user_id_group_id_94350c0c_uniq; Type: CONSTRAINT; Schema: public; Owner: postgres
--

ALTER TABLE ONLY public.auth_user_groups
    ADD CONSTRAINT auth_user_groups_user_id_group_id_94350c0c_uniq UNIQUE (user_id, group_id);


--
-- TOC entry 2942 (class 2606 OID 61373)
-- Name: auth_user auth_user_pkey; Type: CONSTRAINT; Schema: public; Owner: postgres
--

ALTER TABLE ONLY public.auth_user
    ADD CONSTRAINT auth_user_pkey PRIMARY KEY (id);


--
-- TOC entry 2954 (class 2606 OID 61389)
-- Name: auth_user_user_permissions auth_user_user_permissions_pkey; Type: CONSTRAINT; Schema: public; Owner: postgres
--

ALTER TABLE ONLY public.auth_user_user_permissions
    ADD CONSTRAINT auth_user_user_permissions_pkey PRIMARY KEY (id);


--
-- TOC entry 2957 (class 2606 OID 61429)
-- Name: auth_user_user_permissions auth_user_user_permissions_user_id_permission_id_14a6b632_uniq; Type: CONSTRAINT; Schema: public; Owner: postgres
--

ALTER TABLE ONLY public.auth_user_user_permissions
    ADD CONSTRAINT auth_user_user_permissions_user_id_permission_id_14a6b632_uniq UNIQUE (user_id, permission_id);


--
-- TOC entry 2945 (class 2606 OID 61466)
-- Name: auth_user auth_user_username_key; Type: CONSTRAINT; Schema: public; Owner: postgres
--

ALTER TABLE ONLY public.auth_user
    ADD CONSTRAINT auth_user_username_key UNIQUE (username);


--
-- TOC entry 2960 (class 2606 OID 61452)
-- Name: django_admin_log django_admin_log_pkey; Type: CONSTRAINT; Schema: public; Owner: postgres
--

ALTER TABLE ONLY public.django_admin_log
    ADD CONSTRAINT django_admin_log_pkey PRIMARY KEY (id);


--
-- TOC entry 2922 (class 2606 OID 61343)
-- Name: django_content_type django_content_type_app_label_model_76bd3d3b_uniq; Type: CONSTRAINT; Schema: public; Owner: postgres
--

ALTER TABLE ONLY public.django_content_type
    ADD CONSTRAINT django_content_type_app_label_model_76bd3d3b_uniq UNIQUE (app_label, model);


--
-- TOC entry 2924 (class 2606 OID 61341)
-- Name: django_content_type django_content_type_pkey; Type: CONSTRAINT; Schema: public; Owner: postgres
--

ALTER TABLE ONLY public.django_content_type
    ADD CONSTRAINT django_content_type_pkey PRIMARY KEY (id);


--
-- TOC entry 2920 (class 2606 OID 61334)
-- Name: django_migrations django_migrations_pkey; Type: CONSTRAINT; Schema: public; Owner: postgres
--

ALTER TABLE ONLY public.django_migrations
    ADD CONSTRAINT django_migrations_pkey PRIMARY KEY (id);


--
-- TOC entry 2964 (class 2606 OID 61481)
-- Name: django_session django_session_pkey; Type: CONSTRAINT; Schema: public; Owner: postgres
--

ALTER TABLE ONLY public.django_session
    ADD CONSTRAINT django_session_pkey PRIMARY KEY (session_key);


--
-- TOC entry 2968 (class 2606 OID 61492)
-- Name: django_site django_site_domain_a2e37b91_uniq; Type: CONSTRAINT; Schema: public; Owner: postgres
--

ALTER TABLE ONLY public.django_site
    ADD CONSTRAINT django_site_domain_a2e37b91_uniq UNIQUE (domain);


--
-- TOC entry 2970 (class 2606 OID 61490)
-- Name: django_site django_site_pkey; Type: CONSTRAINT; Schema: public; Owner: postgres
--

ALTER TABLE ONLY public.django_site
    ADD CONSTRAINT django_site_pkey PRIMARY KEY (id);


--
-- TOC entry 3079 (class 2606 OID 62020)
-- Name: feedback_feedback feedback_feedback_pkey; Type: CONSTRAINT; Schema: public; Owner: postgres
--

ALTER TABLE ONLY public.feedback_feedback
    ADD CONSTRAINT feedback_feedback_pkey PRIMARY KEY (id);


--
-- TOC entry 3084 (class 2606 OID 62043)
-- Name: landing_swiper landing_swiper_pkey; Type: CONSTRAINT; Schema: public; Owner: postgres
--

ALTER TABLE ONLY public.landing_swiper
    ADD CONSTRAINT landing_swiper_pkey PRIMARY KEY ("order");


--
-- TOC entry 3082 (class 2606 OID 62035)
-- Name: landing_swiperslide landing_swiperslide_pkey; Type: CONSTRAINT; Schema: public; Owner: postgres
--

ALTER TABLE ONLY public.landing_swiperslide
    ADD CONSTRAINT landing_swiperslide_pkey PRIMARY KEY (id);


--
-- TOC entry 3087 (class 2606 OID 62057)
-- Name: payments_product payments_product_pkey; Type: CONSTRAINT; Schema: public; Owner: postgres
--

ALTER TABLE ONLY public.payments_product
    ADD CONSTRAINT payments_product_pkey PRIMARY KEY (id);


--
-- TOC entry 3007 (class 2606 OID 61743)
-- Name: push_notifications_apnsdevice push_notifications_apnsdevice_pkey; Type: CONSTRAINT; Schema: public; Owner: postgres
--

ALTER TABLE ONLY public.push_notifications_apnsdevice
    ADD CONSTRAINT push_notifications_apnsdevice_pkey PRIMARY KEY (id);


--
-- TOC entry 3010 (class 2606 OID 61773)
-- Name: push_notifications_apnsdevice push_notifications_apnsdevice_registration_id_key; Type: CONSTRAINT; Schema: public; Owner: postgres
--

ALTER TABLE ONLY public.push_notifications_apnsdevice
    ADD CONSTRAINT push_notifications_apnsdevice_registration_id_key UNIQUE (registration_id);


--
-- TOC entry 3014 (class 2606 OID 61756)
-- Name: push_notifications_gcmdevice push_notifications_gcmdevice_pkey; Type: CONSTRAINT; Schema: public; Owner: postgres
--

ALTER TABLE ONLY public.push_notifications_gcmdevice
    ADD CONSTRAINT push_notifications_gcmdevice_pkey PRIMARY KEY (id);


--
-- TOC entry 3017 (class 2606 OID 61815)
-- Name: push_notifications_gcmdevice push_notifications_gcmdevice_registration_id_ce4839b5_uniq; Type: CONSTRAINT; Schema: public; Owner: postgres
--

ALTER TABLE ONLY public.push_notifications_gcmdevice
    ADD CONSTRAINT push_notifications_gcmdevice_registration_id_ce4839b5_uniq UNIQUE (registration_id);


--
-- TOC entry 3027 (class 2606 OID 61807)
-- Name: push_notifications_webpushdevice push_notifications_webpushdevice_pkey; Type: CONSTRAINT; Schema: public; Owner: postgres
--

ALTER TABLE ONLY public.push_notifications_webpushdevice
    ADD CONSTRAINT push_notifications_webpushdevice_pkey PRIMARY KEY (id);


--
-- TOC entry 3030 (class 2606 OID 61818)
-- Name: push_notifications_webpushdevice push_notifications_webpushdevice_registration_id_f6790250_uniq; Type: CONSTRAINT; Schema: public; Owner: postgres
--

ALTER TABLE ONLY public.push_notifications_webpushdevice
    ADD CONSTRAINT push_notifications_webpushdevice_registration_id_f6790250_uniq UNIQUE (registration_id);


--
-- TOC entry 3021 (class 2606 OID 61785)
-- Name: push_notifications_wnsdevice push_notifications_wnsdevice_pkey; Type: CONSTRAINT; Schema: public; Owner: postgres
--

ALTER TABLE ONLY public.push_notifications_wnsdevice
    ADD CONSTRAINT push_notifications_wnsdevice_pkey PRIMARY KEY (id);


--
-- TOC entry 3024 (class 2606 OID 61821)
-- Name: push_notifications_wnsdevice push_notifications_wnsdevice_registration_id_db7d6c53_uniq; Type: CONSTRAINT; Schema: public; Owner: postgres
--

ALTER TABLE ONLY public.push_notifications_wnsdevice
    ADD CONSTRAINT push_notifications_wnsdevice_registration_id_db7d6c53_uniq UNIQUE (registration_id);


--
-- TOC entry 3036 (class 2606 OID 61830)
-- Name: rest_framework_sso_sessiontoken rest_framework_sso_sessiontoken_pkey; Type: CONSTRAINT; Schema: public; Owner: postgres
--

ALTER TABLE ONLY public.rest_framework_sso_sessiontoken
    ADD CONSTRAINT rest_framework_sso_sessiontoken_pkey PRIMARY KEY (id);


--
-- TOC entry 3040 (class 2606 OID 61852)
-- Name: socialaccount_socialaccount socialaccount_socialaccount_pkey; Type: CONSTRAINT; Schema: public; Owner: postgres
--

ALTER TABLE ONLY public.socialaccount_socialaccount
    ADD CONSTRAINT socialaccount_socialaccount_pkey PRIMARY KEY (id);


--
-- TOC entry 3042 (class 2606 OID 61883)
-- Name: socialaccount_socialaccount socialaccount_socialaccount_provider_uid_fc810c6e_uniq; Type: CONSTRAINT; Schema: public; Owner: postgres
--

ALTER TABLE ONLY public.socialaccount_socialaccount
    ADD CONSTRAINT socialaccount_socialaccount_provider_uid_fc810c6e_uniq UNIQUE (provider, uid);


--
-- TOC entry 3047 (class 2606 OID 61891)
-- Name: socialaccount_socialapp_sites socialaccount_socialapp__socialapp_id_site_id_71a9a768_uniq; Type: CONSTRAINT; Schema: public; Owner: postgres
--

ALTER TABLE ONLY public.socialaccount_socialapp_sites
    ADD CONSTRAINT socialaccount_socialapp__socialapp_id_site_id_71a9a768_uniq UNIQUE (socialapp_id, site_id);


--
-- TOC entry 3045 (class 2606 OID 61860)
-- Name: socialaccount_socialapp socialaccount_socialapp_pkey; Type: CONSTRAINT; Schema: public; Owner: postgres
--

ALTER TABLE ONLY public.socialaccount_socialapp
    ADD CONSTRAINT socialaccount_socialapp_pkey PRIMARY KEY (id);


--
-- TOC entry 3049 (class 2606 OID 61868)
-- Name: socialaccount_socialapp_sites socialaccount_socialapp_sites_pkey; Type: CONSTRAINT; Schema: public; Owner: postgres
--

ALTER TABLE ONLY public.socialaccount_socialapp_sites
    ADD CONSTRAINT socialaccount_socialapp_sites_pkey PRIMARY KEY (id);


--
-- TOC entry 3055 (class 2606 OID 61881)
-- Name: socialaccount_socialtoken socialaccount_socialtoken_app_id_account_id_fca4e0ac_uniq; Type: CONSTRAINT; Schema: public; Owner: postgres
--

ALTER TABLE ONLY public.socialaccount_socialtoken
    ADD CONSTRAINT socialaccount_socialtoken_app_id_account_id_fca4e0ac_uniq UNIQUE (app_id, account_id);


--
-- TOC entry 3057 (class 2606 OID 61879)
-- Name: socialaccount_socialtoken socialaccount_socialtoken_pkey; Type: CONSTRAINT; Schema: public; Owner: postgres
--

ALTER TABLE ONLY public.socialaccount_socialtoken
    ADD CONSTRAINT socialaccount_socialtoken_pkey PRIMARY KEY (id);


--
-- TOC entry 3059 (class 2606 OID 61929)
-- Name: store_product store_product_pkey; Type: CONSTRAINT; Schema: public; Owner: postgres
--

ALTER TABLE ONLY public.store_product
    ADD CONSTRAINT store_product_pkey PRIMARY KEY (id);


--
-- TOC entry 3067 (class 2606 OID 61952)
-- Name: subscriptions_history subscriptions_history_pkey; Type: CONSTRAINT; Schema: public; Owner: postgres
--

ALTER TABLE ONLY public.subscriptions_history
    ADD CONSTRAINT subscriptions_history_pkey PRIMARY KEY (id);


--
-- TOC entry 3061 (class 2606 OID 61944)
-- Name: subscriptions_plan subscriptions_plan_pkey; Type: CONSTRAINT; Schema: public; Owner: postgres
--

ALTER TABLE ONLY public.subscriptions_plan
    ADD CONSTRAINT subscriptions_plan_pkey PRIMARY KEY (id);


--
-- TOC entry 3064 (class 2606 OID 61959)
-- Name: subscriptions_plan subscriptions_plan_product_id_period_days_bee2da51_uniq; Type: CONSTRAINT; Schema: public; Owner: postgres
--

ALTER TABLE ONLY public.subscriptions_plan
    ADD CONSTRAINT subscriptions_plan_product_id_period_days_bee2da51_uniq UNIQUE (product_id, period_days);


--
-- TOC entry 3072 (class 2606 OID 61957)
-- Name: subscriptions_subscription subscriptions_subscription_pkey; Type: CONSTRAINT; Schema: public; Owner: postgres
--

ALTER TABLE ONLY public.subscriptions_subscription
    ADD CONSTRAINT subscriptions_subscription_pkey PRIMARY KEY (id);


--
-- TOC entry 3077 (class 2606 OID 61985)
-- Name: subscriptions_subscription subscriptions_subscription_user_id_product_id_2b6e5e88_uniq; Type: CONSTRAINT; Schema: public; Owner: postgres
--

ALTER TABLE ONLY public.subscriptions_subscription
    ADD CONSTRAINT subscriptions_subscription_user_id_product_id_2b6e5e88_uniq UNIQUE (user_id, product_id);


--
-- TOC entry 2989 (class 2606 OID 61650)
-- Name: users_category users_category_pkey; Type: CONSTRAINT; Schema: public; Owner: postgres
--

ALTER TABLE ONLY public.users_category
    ADD CONSTRAINT users_category_pkey PRIMARY KEY (id);


--
-- TOC entry 2973 (class 2606 OID 61626)
-- Name: users_user users_user_email_key; Type: CONSTRAINT; Schema: public; Owner: postgres
--

ALTER TABLE ONLY public.users_user
    ADD CONSTRAINT users_user_email_key UNIQUE (email);


--
-- TOC entry 2978 (class 2606 OID 61634)
-- Name: users_user_groups users_user_groups_pkey; Type: CONSTRAINT; Schema: public; Owner: postgres
--

ALTER TABLE ONLY public.users_user_groups
    ADD CONSTRAINT users_user_groups_pkey PRIMARY KEY (id);


--
-- TOC entry 2981 (class 2606 OID 61661)
-- Name: users_user_groups users_user_groups_user_id_group_id_b88eab82_uniq; Type: CONSTRAINT; Schema: public; Owner: postgres
--

ALTER TABLE ONLY public.users_user_groups
    ADD CONSTRAINT users_user_groups_user_id_group_id_b88eab82_uniq UNIQUE (user_id, group_id);


--
-- TOC entry 2975 (class 2606 OID 61624)
-- Name: users_user users_user_pkey; Type: CONSTRAINT; Schema: public; Owner: postgres
--

ALTER TABLE ONLY public.users_user
    ADD CONSTRAINT users_user_pkey PRIMARY KEY (id);


--
-- TOC entry 2992 (class 2606 OID 61658)
-- Name: users_user_profile users_user_profile_pkey; Type: CONSTRAINT; Schema: public; Owner: postgres
--

ALTER TABLE ONLY public.users_user_profile
    ADD CONSTRAINT users_user_profile_pkey PRIMARY KEY (user_id);


--
-- TOC entry 2984 (class 2606 OID 61642)
-- Name: users_user_user_permissions users_user_user_permissions_pkey; Type: CONSTRAINT; Schema: public; Owner: postgres
--

ALTER TABLE ONLY public.users_user_user_permissions
    ADD CONSTRAINT users_user_user_permissions_pkey PRIMARY KEY (id);


--
-- TOC entry 2987 (class 2606 OID 61675)
-- Name: users_user_user_permissions users_user_user_permissions_user_id_permission_id_43338c45_uniq; Type: CONSTRAINT; Schema: public; Owner: postgres
--

ALTER TABLE ONLY public.users_user_user_permissions
    ADD CONSTRAINT users_user_user_permissions_user_id_permission_id_43338c45_uniq UNIQUE (user_id, permission_id);


--
-- TOC entry 2993 (class 1259 OID 61735)
-- Name: account_emailaddress_email_03be32b2_like; Type: INDEX; Schema: public; Owner: postgres
--

CREATE INDEX account_emailaddress_email_03be32b2_like ON public.account_emailaddress USING btree (email varchar_pattern_ops);


--
-- TOC entry 2998 (class 1259 OID 61725)
-- Name: account_emailaddress_user_id_2c513194; Type: INDEX; Schema: public; Owner: postgres
--

CREATE INDEX account_emailaddress_user_id_2c513194 ON public.account_emailaddress USING btree (user_id);


--
-- TOC entry 2999 (class 1259 OID 61732)
-- Name: account_emailconfirmation_email_address_id_5b7f8c58; Type: INDEX; Schema: public; Owner: postgres
--

CREATE INDEX account_emailconfirmation_email_address_id_5b7f8c58 ON public.account_emailconfirmation USING btree (email_address_id);


--
-- TOC entry 3000 (class 1259 OID 61731)
-- Name: account_emailconfirmation_key_f43612bd_like; Type: INDEX; Schema: public; Owner: postgres
--

CREATE INDEX account_emailconfirmation_key_f43612bd_like ON public.account_emailconfirmation USING btree (key varchar_pattern_ops);


--
-- TOC entry 2930 (class 1259 OID 61473)
-- Name: auth_group_name_a6ea08ec_like; Type: INDEX; Schema: public; Owner: postgres
--

CREATE INDEX auth_group_name_a6ea08ec_like ON public.auth_group USING btree (name varchar_pattern_ops);


--
-- TOC entry 2935 (class 1259 OID 61411)
-- Name: auth_group_permissions_group_id_b120cbf9; Type: INDEX; Schema: public; Owner: postgres
--

CREATE INDEX auth_group_permissions_group_id_b120cbf9 ON public.auth_group_permissions USING btree (group_id);


--
-- TOC entry 2938 (class 1259 OID 61412)
-- Name: auth_group_permissions_permission_id_84c5c92e; Type: INDEX; Schema: public; Owner: postgres
--

CREATE INDEX auth_group_permissions_permission_id_84c5c92e ON public.auth_group_permissions USING btree (permission_id);


--
-- TOC entry 2925 (class 1259 OID 61397)
-- Name: auth_permission_content_type_id_2f476e4b; Type: INDEX; Schema: public; Owner: postgres
--

CREATE INDEX auth_permission_content_type_id_2f476e4b ON public.auth_permission USING btree (content_type_id);


--
-- TOC entry 2946 (class 1259 OID 61427)
-- Name: auth_user_groups_group_id_97559544; Type: INDEX; Schema: public; Owner: postgres
--

CREATE INDEX auth_user_groups_group_id_97559544 ON public.auth_user_groups USING btree (group_id);


--
-- TOC entry 2949 (class 1259 OID 61426)
-- Name: auth_user_groups_user_id_6a12ed8b; Type: INDEX; Schema: public; Owner: postgres
--

CREATE INDEX auth_user_groups_user_id_6a12ed8b ON public.auth_user_groups USING btree (user_id);


--
-- TOC entry 2952 (class 1259 OID 61441)
-- Name: auth_user_user_permissions_permission_id_1fbb5f2c; Type: INDEX; Schema: public; Owner: postgres
--

CREATE INDEX auth_user_user_permissions_permission_id_1fbb5f2c ON public.auth_user_user_permissions USING btree (permission_id);


--
-- TOC entry 2955 (class 1259 OID 61440)
-- Name: auth_user_user_permissions_user_id_a95ead1b; Type: INDEX; Schema: public; Owner: postgres
--

CREATE INDEX auth_user_user_permissions_user_id_a95ead1b ON public.auth_user_user_permissions USING btree (user_id);


--
-- TOC entry 2943 (class 1259 OID 61467)
-- Name: auth_user_username_6821ab7c_like; Type: INDEX; Schema: public; Owner: postgres
--

CREATE INDEX auth_user_username_6821ab7c_like ON public.auth_user USING btree (username varchar_pattern_ops);


--
-- TOC entry 2958 (class 1259 OID 61463)
-- Name: django_admin_log_content_type_id_c4bce8eb; Type: INDEX; Schema: public; Owner: postgres
--

CREATE INDEX django_admin_log_content_type_id_c4bce8eb ON public.django_admin_log USING btree (content_type_id);


--
-- TOC entry 2961 (class 1259 OID 61464)
-- Name: django_admin_log_user_id_c564eba6; Type: INDEX; Schema: public; Owner: postgres
--

CREATE INDEX django_admin_log_user_id_c564eba6 ON public.django_admin_log USING btree (user_id);


--
-- TOC entry 2962 (class 1259 OID 61483)
-- Name: django_session_expire_date_a5c62663; Type: INDEX; Schema: public; Owner: postgres
--

CREATE INDEX django_session_expire_date_a5c62663 ON public.django_session USING btree (expire_date);


--
-- TOC entry 2965 (class 1259 OID 61482)
-- Name: django_session_session_key_c0390e0f_like; Type: INDEX; Schema: public; Owner: postgres
--

CREATE INDEX django_session_session_key_c0390e0f_like ON public.django_session USING btree (session_key varchar_pattern_ops);


--
-- TOC entry 2966 (class 1259 OID 61493)
-- Name: django_site_domain_a2e37b91_like; Type: INDEX; Schema: public; Owner: postgres
--

CREATE INDEX django_site_domain_a2e37b91_like ON public.django_site USING btree (domain varchar_pattern_ops);


--
-- TOC entry 3080 (class 1259 OID 62026)
-- Name: feedback_feedback_user_id_f7dd5014; Type: INDEX; Schema: public; Owner: postgres
--

CREATE INDEX feedback_feedback_user_id_f7dd5014 ON public.feedback_feedback USING btree (user_id);


--
-- TOC entry 3085 (class 1259 OID 62049)
-- Name: landing_swiper_slide_id_7078034d; Type: INDEX; Schema: public; Owner: postgres
--

CREATE INDEX landing_swiper_slide_id_7078034d ON public.landing_swiper USING btree (slide_id);


--
-- TOC entry 3088 (class 1259 OID 62068)
-- Name: payments_product_subscription_plan_id_fa4dc939; Type: INDEX; Schema: public; Owner: postgres
--

CREATE INDEX payments_product_subscription_plan_id_fa4dc939 ON public.payments_product USING btree (subscription_plan_id);


--
-- TOC entry 3089 (class 1259 OID 62069)
-- Name: payments_product_user_id_4705ad7e; Type: INDEX; Schema: public; Owner: postgres
--

CREATE INDEX payments_product_user_id_4705ad7e ON public.payments_product USING btree (user_id);


--
-- TOC entry 3005 (class 1259 OID 61762)
-- Name: push_notifications_apnsdevice_device_id_0ac3cde3; Type: INDEX; Schema: public; Owner: postgres
--

CREATE INDEX push_notifications_apnsdevice_device_id_0ac3cde3 ON public.push_notifications_apnsdevice USING btree (device_id);


--
-- TOC entry 3008 (class 1259 OID 61774)
-- Name: push_notifications_apnsdevice_registration_id_5502bc8c_like; Type: INDEX; Schema: public; Owner: postgres
--

CREATE INDEX push_notifications_apnsdevice_registration_id_5502bc8c_like ON public.push_notifications_apnsdevice USING btree (registration_id varchar_pattern_ops);


--
-- TOC entry 3011 (class 1259 OID 61764)
-- Name: push_notifications_apnsdevice_user_id_44cc44d2; Type: INDEX; Schema: public; Owner: postgres
--

CREATE INDEX push_notifications_apnsdevice_user_id_44cc44d2 ON public.push_notifications_apnsdevice USING btree (user_id);


--
-- TOC entry 3012 (class 1259 OID 61770)
-- Name: push_notifications_gcmdevice_device_id_0b22a9c4; Type: INDEX; Schema: public; Owner: postgres
--

CREATE INDEX push_notifications_gcmdevice_device_id_0b22a9c4 ON public.push_notifications_gcmdevice USING btree (device_id);


--
-- TOC entry 3015 (class 1259 OID 61816)
-- Name: push_notifications_gcmdevice_registration_id_ce4839b5_like; Type: INDEX; Schema: public; Owner: postgres
--

CREATE INDEX push_notifications_gcmdevice_registration_id_ce4839b5_like ON public.push_notifications_gcmdevice USING btree (registration_id text_pattern_ops);


--
-- TOC entry 3018 (class 1259 OID 61771)
-- Name: push_notifications_gcmdevice_user_id_f3752f1b; Type: INDEX; Schema: public; Owner: postgres
--

CREATE INDEX push_notifications_gcmdevice_user_id_f3752f1b ON public.push_notifications_gcmdevice USING btree (user_id);


--
-- TOC entry 3028 (class 1259 OID 61819)
-- Name: push_notifications_webpushdevice_registration_id_f6790250_like; Type: INDEX; Schema: public; Owner: postgres
--

CREATE INDEX push_notifications_webpushdevice_registration_id_f6790250_like ON public.push_notifications_webpushdevice USING btree (registration_id text_pattern_ops);


--
-- TOC entry 3031 (class 1259 OID 61813)
-- Name: push_notifications_webpushdevice_user_id_e867e0a1; Type: INDEX; Schema: public; Owner: postgres
--

CREATE INDEX push_notifications_webpushdevice_user_id_e867e0a1 ON public.push_notifications_webpushdevice USING btree (user_id);


--
-- TOC entry 3019 (class 1259 OID 61791)
-- Name: push_notifications_wnsdevice_device_id_7e1c24c4; Type: INDEX; Schema: public; Owner: postgres
--

CREATE INDEX push_notifications_wnsdevice_device_id_7e1c24c4 ON public.push_notifications_wnsdevice USING btree (device_id);


--
-- TOC entry 3022 (class 1259 OID 61822)
-- Name: push_notifications_wnsdevice_registration_id_db7d6c53_like; Type: INDEX; Schema: public; Owner: postgres
--

CREATE INDEX push_notifications_wnsdevice_registration_id_db7d6c53_like ON public.push_notifications_wnsdevice USING btree (registration_id text_pattern_ops);


--
-- TOC entry 3025 (class 1259 OID 61792)
-- Name: push_notifications_wnsdevice_user_id_670eff0d; Type: INDEX; Schema: public; Owner: postgres
--

CREATE INDEX push_notifications_wnsdevice_user_id_670eff0d ON public.push_notifications_wnsdevice USING btree (user_id);


--
-- TOC entry 3032 (class 1259 OID 61837)
-- Name: rest_framework_sso_sessiontoken_created_at_03f4e09e; Type: INDEX; Schema: public; Owner: postgres
--

CREATE INDEX rest_framework_sso_sessiontoken_created_at_03f4e09e ON public.rest_framework_sso_sessiontoken USING btree (created_at);


--
-- TOC entry 3033 (class 1259 OID 61836)
-- Name: rest_framework_sso_sessiontoken_ip_address_8f0388c9; Type: INDEX; Schema: public; Owner: postgres
--

CREATE INDEX rest_framework_sso_sessiontoken_ip_address_8f0388c9 ON public.rest_framework_sso_sessiontoken USING btree (ip_address);


--
-- TOC entry 3034 (class 1259 OID 61840)
-- Name: rest_framework_sso_sessiontoken_last_used_at_6a0f22f6; Type: INDEX; Schema: public; Owner: postgres
--

CREATE INDEX rest_framework_sso_sessiontoken_last_used_at_6a0f22f6 ON public.rest_framework_sso_sessiontoken USING btree (last_used_at);


--
-- TOC entry 3037 (class 1259 OID 61838)
-- Name: rest_framework_sso_sessiontoken_revoked_at_c5f094b7; Type: INDEX; Schema: public; Owner: postgres
--

CREATE INDEX rest_framework_sso_sessiontoken_revoked_at_c5f094b7 ON public.rest_framework_sso_sessiontoken USING btree (revoked_at);


--
-- TOC entry 3038 (class 1259 OID 61839)
-- Name: rest_framework_sso_sessiontoken_user_id_b11b3b3e; Type: INDEX; Schema: public; Owner: postgres
--

CREATE INDEX rest_framework_sso_sessiontoken_user_id_b11b3b3e ON public.rest_framework_sso_sessiontoken USING btree (user_id);


--
-- TOC entry 3043 (class 1259 OID 61889)
-- Name: socialaccount_socialaccount_user_id_8146e70c; Type: INDEX; Schema: public; Owner: postgres
--

CREATE INDEX socialaccount_socialaccount_user_id_8146e70c ON public.socialaccount_socialaccount USING btree (user_id);


--
-- TOC entry 3050 (class 1259 OID 61903)
-- Name: socialaccount_socialapp_sites_site_id_2579dee5; Type: INDEX; Schema: public; Owner: postgres
--

CREATE INDEX socialaccount_socialapp_sites_site_id_2579dee5 ON public.socialaccount_socialapp_sites USING btree (site_id);


--
-- TOC entry 3051 (class 1259 OID 61902)
-- Name: socialaccount_socialapp_sites_socialapp_id_97fb6e7d; Type: INDEX; Schema: public; Owner: postgres
--

CREATE INDEX socialaccount_socialapp_sites_socialapp_id_97fb6e7d ON public.socialaccount_socialapp_sites USING btree (socialapp_id);


--
-- TOC entry 3052 (class 1259 OID 61914)
-- Name: socialaccount_socialtoken_account_id_951f210e; Type: INDEX; Schema: public; Owner: postgres
--

CREATE INDEX socialaccount_socialtoken_account_id_951f210e ON public.socialaccount_socialtoken USING btree (account_id);


--
-- TOC entry 3053 (class 1259 OID 61915)
-- Name: socialaccount_socialtoken_app_id_636a42d7; Type: INDEX; Schema: public; Owner: postgres
--

CREATE INDEX socialaccount_socialtoken_app_id_636a42d7 ON public.socialaccount_socialtoken USING btree (app_id);


--
-- TOC entry 3065 (class 1259 OID 61981)
-- Name: subscriptions_history_admin_id_f35b404a; Type: INDEX; Schema: public; Owner: postgres
--

CREATE INDEX subscriptions_history_admin_id_f35b404a ON public.subscriptions_history USING btree (admin_id);


--
-- TOC entry 3068 (class 1259 OID 61982)
-- Name: subscriptions_history_updated_subscription_group_id_50ee0011; Type: INDEX; Schema: public; Owner: postgres
--

CREATE INDEX subscriptions_history_updated_subscription_group_id_50ee0011 ON public.subscriptions_history USING btree (updated_subscription_group_id);


--
-- TOC entry 3069 (class 1259 OID 61983)
-- Name: subscriptions_history_user_id_c9ee86e0; Type: INDEX; Schema: public; Owner: postgres
--

CREATE INDEX subscriptions_history_user_id_c9ee86e0 ON public.subscriptions_history USING btree (user_id);


--
-- TOC entry 3062 (class 1259 OID 61965)
-- Name: subscriptions_plan_product_id_8a2614e5; Type: INDEX; Schema: public; Owner: postgres
--

CREATE INDEX subscriptions_plan_product_id_8a2614e5 ON public.subscriptions_plan USING btree (product_id);


--
-- TOC entry 3070 (class 1259 OID 62006)
-- Name: subscriptions_subscription_group_id_d977a490; Type: INDEX; Schema: public; Owner: postgres
--

CREATE INDEX subscriptions_subscription_group_id_d977a490 ON public.subscriptions_subscription USING btree (group_id);


--
-- TOC entry 3073 (class 1259 OID 62007)
-- Name: subscriptions_subscription_plan_id_2c895107; Type: INDEX; Schema: public; Owner: postgres
--

CREATE INDEX subscriptions_subscription_plan_id_2c895107 ON public.subscriptions_subscription USING btree (plan_id);


--
-- TOC entry 3074 (class 1259 OID 62008)
-- Name: subscriptions_subscription_product_id_f0ba9784; Type: INDEX; Schema: public; Owner: postgres
--

CREATE INDEX subscriptions_subscription_product_id_f0ba9784 ON public.subscriptions_subscription USING btree (product_id);


--
-- TOC entry 3075 (class 1259 OID 62009)
-- Name: subscriptions_subscription_user_id_a353e93d; Type: INDEX; Schema: public; Owner: postgres
--

CREATE INDEX subscriptions_subscription_user_id_a353e93d ON public.subscriptions_subscription USING btree (user_id);


--
-- TOC entry 2971 (class 1259 OID 61659)
-- Name: users_user_email_243f6e77_like; Type: INDEX; Schema: public; Owner: postgres
--

CREATE INDEX users_user_email_243f6e77_like ON public.users_user USING btree (email varchar_pattern_ops);


--
-- TOC entry 2976 (class 1259 OID 61673)
-- Name: users_user_groups_group_id_9afc8d0e; Type: INDEX; Schema: public; Owner: postgres
--

CREATE INDEX users_user_groups_group_id_9afc8d0e ON public.users_user_groups USING btree (group_id);


--
-- TOC entry 2979 (class 1259 OID 61672)
-- Name: users_user_groups_user_id_5f6f5a90; Type: INDEX; Schema: public; Owner: postgres
--

CREATE INDEX users_user_groups_user_id_5f6f5a90 ON public.users_user_groups USING btree (user_id);


--
-- TOC entry 2990 (class 1259 OID 61698)
-- Name: users_user_profile_category_id_562f73a5; Type: INDEX; Schema: public; Owner: postgres
--

CREATE INDEX users_user_profile_category_id_562f73a5 ON public.users_user_profile USING btree (category_id);


--
-- TOC entry 2982 (class 1259 OID 61687)
-- Name: users_user_user_permissions_permission_id_0b93982e; Type: INDEX; Schema: public; Owner: postgres
--

CREATE INDEX users_user_user_permissions_permission_id_0b93982e ON public.users_user_user_permissions USING btree (permission_id);


--
-- TOC entry 2985 (class 1259 OID 61686)
-- Name: users_user_user_permissions_user_id_20aca447; Type: INDEX; Schema: public; Owner: postgres
--

CREATE INDEX users_user_user_permissions_user_id_20aca447 ON public.users_user_user_permissions USING btree (user_id);


--
-- TOC entry 3105 (class 2606 OID 61719)
-- Name: account_emailaddress account_emailaddress_user_id_2c513194_fk_users_user_id; Type: FK CONSTRAINT; Schema: public; Owner: postgres
--

ALTER TABLE ONLY public.account_emailaddress
    ADD CONSTRAINT account_emailaddress_user_id_2c513194_fk_users_user_id FOREIGN KEY (user_id) REFERENCES public.users_user(id) DEFERRABLE INITIALLY DEFERRED;


--
-- TOC entry 3106 (class 2606 OID 61726)
-- Name: account_emailconfirmation account_emailconfirm_email_address_id_5b7f8c58_fk_account_e; Type: FK CONSTRAINT; Schema: public; Owner: postgres
--

ALTER TABLE ONLY public.account_emailconfirmation
    ADD CONSTRAINT account_emailconfirm_email_address_id_5b7f8c58_fk_account_e FOREIGN KEY (email_address_id) REFERENCES public.account_emailaddress(id) DEFERRABLE INITIALLY DEFERRED;


--
-- TOC entry 3092 (class 2606 OID 61406)
-- Name: auth_group_permissions auth_group_permissio_permission_id_84c5c92e_fk_auth_perm; Type: FK CONSTRAINT; Schema: public; Owner: postgres
--

ALTER TABLE ONLY public.auth_group_permissions
    ADD CONSTRAINT auth_group_permissio_permission_id_84c5c92e_fk_auth_perm FOREIGN KEY (permission_id) REFERENCES public.auth_permission(id) DEFERRABLE INITIALLY DEFERRED;


--
-- TOC entry 3091 (class 2606 OID 61401)
-- Name: auth_group_permissions auth_group_permissions_group_id_b120cbf9_fk_auth_group_id; Type: FK CONSTRAINT; Schema: public; Owner: postgres
--

ALTER TABLE ONLY public.auth_group_permissions
    ADD CONSTRAINT auth_group_permissions_group_id_b120cbf9_fk_auth_group_id FOREIGN KEY (group_id) REFERENCES public.auth_group(id) DEFERRABLE INITIALLY DEFERRED;


--
-- TOC entry 3090 (class 2606 OID 61392)
-- Name: auth_permission auth_permission_content_type_id_2f476e4b_fk_django_co; Type: FK CONSTRAINT; Schema: public; Owner: postgres
--

ALTER TABLE ONLY public.auth_permission
    ADD CONSTRAINT auth_permission_content_type_id_2f476e4b_fk_django_co FOREIGN KEY (content_type_id) REFERENCES public.django_content_type(id) DEFERRABLE INITIALLY DEFERRED;


--
-- TOC entry 3094 (class 2606 OID 61421)
-- Name: auth_user_groups auth_user_groups_group_id_97559544_fk_auth_group_id; Type: FK CONSTRAINT; Schema: public; Owner: postgres
--

ALTER TABLE ONLY public.auth_user_groups
    ADD CONSTRAINT auth_user_groups_group_id_97559544_fk_auth_group_id FOREIGN KEY (group_id) REFERENCES public.auth_group(id) DEFERRABLE INITIALLY DEFERRED;


--
-- TOC entry 3093 (class 2606 OID 61416)
-- Name: auth_user_groups auth_user_groups_user_id_6a12ed8b_fk_auth_user_id; Type: FK CONSTRAINT; Schema: public; Owner: postgres
--

ALTER TABLE ONLY public.auth_user_groups
    ADD CONSTRAINT auth_user_groups_user_id_6a12ed8b_fk_auth_user_id FOREIGN KEY (user_id) REFERENCES public.auth_user(id) DEFERRABLE INITIALLY DEFERRED;


--
-- TOC entry 3096 (class 2606 OID 61435)
-- Name: auth_user_user_permissions auth_user_user_permi_permission_id_1fbb5f2c_fk_auth_perm; Type: FK CONSTRAINT; Schema: public; Owner: postgres
--

ALTER TABLE ONLY public.auth_user_user_permissions
    ADD CONSTRAINT auth_user_user_permi_permission_id_1fbb5f2c_fk_auth_perm FOREIGN KEY (permission_id) REFERENCES public.auth_permission(id) DEFERRABLE INITIALLY DEFERRED;


--
-- TOC entry 3095 (class 2606 OID 61430)
-- Name: auth_user_user_permissions auth_user_user_permissions_user_id_a95ead1b_fk_auth_user_id; Type: FK CONSTRAINT; Schema: public; Owner: postgres
--

ALTER TABLE ONLY public.auth_user_user_permissions
    ADD CONSTRAINT auth_user_user_permissions_user_id_a95ead1b_fk_auth_user_id FOREIGN KEY (user_id) REFERENCES public.auth_user(id) DEFERRABLE INITIALLY DEFERRED;


--
-- TOC entry 3097 (class 2606 OID 61453)
-- Name: django_admin_log django_admin_log_content_type_id_c4bce8eb_fk_django_co; Type: FK CONSTRAINT; Schema: public; Owner: postgres
--

ALTER TABLE ONLY public.django_admin_log
    ADD CONSTRAINT django_admin_log_content_type_id_c4bce8eb_fk_django_co FOREIGN KEY (content_type_id) REFERENCES public.django_content_type(id) DEFERRABLE INITIALLY DEFERRED;


--
-- TOC entry 3098 (class 2606 OID 61458)
-- Name: django_admin_log django_admin_log_user_id_c564eba6_fk_auth_user_id; Type: FK CONSTRAINT; Schema: public; Owner: postgres
--

ALTER TABLE ONLY public.django_admin_log
    ADD CONSTRAINT django_admin_log_user_id_c564eba6_fk_auth_user_id FOREIGN KEY (user_id) REFERENCES public.auth_user(id) DEFERRABLE INITIALLY DEFERRED;


--
-- TOC entry 3125 (class 2606 OID 62021)
-- Name: feedback_feedback feedback_feedback_user_id_f7dd5014_fk_users_user_id; Type: FK CONSTRAINT; Schema: public; Owner: postgres
--

ALTER TABLE ONLY public.feedback_feedback
    ADD CONSTRAINT feedback_feedback_user_id_f7dd5014_fk_users_user_id FOREIGN KEY (user_id) REFERENCES public.users_user(id) DEFERRABLE INITIALLY DEFERRED;


--
-- TOC entry 3126 (class 2606 OID 62044)
-- Name: landing_swiper landing_swiper_slide_id_7078034d_fk_landing_swiperslide_id; Type: FK CONSTRAINT; Schema: public; Owner: postgres
--

ALTER TABLE ONLY public.landing_swiper
    ADD CONSTRAINT landing_swiper_slide_id_7078034d_fk_landing_swiperslide_id FOREIGN KEY (slide_id) REFERENCES public.landing_swiperslide(id) DEFERRABLE INITIALLY DEFERRED;


--
-- TOC entry 3127 (class 2606 OID 62058)
-- Name: payments_product payments_product_subscription_plan_id_fa4dc939_fk_subscript; Type: FK CONSTRAINT; Schema: public; Owner: postgres
--

ALTER TABLE ONLY public.payments_product
    ADD CONSTRAINT payments_product_subscription_plan_id_fa4dc939_fk_subscript FOREIGN KEY (subscription_plan_id) REFERENCES public.subscriptions_plan(id) DEFERRABLE INITIALLY DEFERRED;


--
-- TOC entry 3128 (class 2606 OID 62063)
-- Name: payments_product payments_product_user_id_4705ad7e_fk_users_user_id; Type: FK CONSTRAINT; Schema: public; Owner: postgres
--

ALTER TABLE ONLY public.payments_product
    ADD CONSTRAINT payments_product_user_id_4705ad7e_fk_users_user_id FOREIGN KEY (user_id) REFERENCES public.users_user(id) DEFERRABLE INITIALLY DEFERRED;


--
-- TOC entry 3107 (class 2606 OID 61757)
-- Name: push_notifications_apnsdevice push_notifications_apnsdevice_user_id_44cc44d2_fk_users_user_id; Type: FK CONSTRAINT; Schema: public; Owner: postgres
--

ALTER TABLE ONLY public.push_notifications_apnsdevice
    ADD CONSTRAINT push_notifications_apnsdevice_user_id_44cc44d2_fk_users_user_id FOREIGN KEY (user_id) REFERENCES public.users_user(id) DEFERRABLE INITIALLY DEFERRED;


--
-- TOC entry 3108 (class 2606 OID 61765)
-- Name: push_notifications_gcmdevice push_notifications_gcmdevice_user_id_f3752f1b_fk_users_user_id; Type: FK CONSTRAINT; Schema: public; Owner: postgres
--

ALTER TABLE ONLY public.push_notifications_gcmdevice
    ADD CONSTRAINT push_notifications_gcmdevice_user_id_f3752f1b_fk_users_user_id FOREIGN KEY (user_id) REFERENCES public.users_user(id) DEFERRABLE INITIALLY DEFERRED;


--
-- TOC entry 3110 (class 2606 OID 61808)
-- Name: push_notifications_webpushdevice push_notifications_w_user_id_e867e0a1_fk_users_use; Type: FK CONSTRAINT; Schema: public; Owner: postgres
--

ALTER TABLE ONLY public.push_notifications_webpushdevice
    ADD CONSTRAINT push_notifications_w_user_id_e867e0a1_fk_users_use FOREIGN KEY (user_id) REFERENCES public.users_user(id) DEFERRABLE INITIALLY DEFERRED;


--
-- TOC entry 3109 (class 2606 OID 61786)
-- Name: push_notifications_wnsdevice push_notifications_wnsdevice_user_id_670eff0d_fk_users_user_id; Type: FK CONSTRAINT; Schema: public; Owner: postgres
--

ALTER TABLE ONLY public.push_notifications_wnsdevice
    ADD CONSTRAINT push_notifications_wnsdevice_user_id_670eff0d_fk_users_user_id FOREIGN KEY (user_id) REFERENCES public.users_user(id) DEFERRABLE INITIALLY DEFERRED;


--
-- TOC entry 3111 (class 2606 OID 61831)
-- Name: rest_framework_sso_sessiontoken rest_framework_sso_s_user_id_b11b3b3e_fk_users_use; Type: FK CONSTRAINT; Schema: public; Owner: postgres
--

ALTER TABLE ONLY public.rest_framework_sso_sessiontoken
    ADD CONSTRAINT rest_framework_sso_s_user_id_b11b3b3e_fk_users_use FOREIGN KEY (user_id) REFERENCES public.users_user(id) DEFERRABLE INITIALLY DEFERRED;


--
-- TOC entry 3115 (class 2606 OID 61904)
-- Name: socialaccount_socialtoken socialaccount_social_account_id_951f210e_fk_socialacc; Type: FK CONSTRAINT; Schema: public; Owner: postgres
--

ALTER TABLE ONLY public.socialaccount_socialtoken
    ADD CONSTRAINT socialaccount_social_account_id_951f210e_fk_socialacc FOREIGN KEY (account_id) REFERENCES public.socialaccount_socialaccount(id) DEFERRABLE INITIALLY DEFERRED;


--
-- TOC entry 3116 (class 2606 OID 61909)
-- Name: socialaccount_socialtoken socialaccount_social_app_id_636a42d7_fk_socialacc; Type: FK CONSTRAINT; Schema: public; Owner: postgres
--

ALTER TABLE ONLY public.socialaccount_socialtoken
    ADD CONSTRAINT socialaccount_social_app_id_636a42d7_fk_socialacc FOREIGN KEY (app_id) REFERENCES public.socialaccount_socialapp(id) DEFERRABLE INITIALLY DEFERRED;


--
-- TOC entry 3114 (class 2606 OID 61897)
-- Name: socialaccount_socialapp_sites socialaccount_social_site_id_2579dee5_fk_django_si; Type: FK CONSTRAINT; Schema: public; Owner: postgres
--

ALTER TABLE ONLY public.socialaccount_socialapp_sites
    ADD CONSTRAINT socialaccount_social_site_id_2579dee5_fk_django_si FOREIGN KEY (site_id) REFERENCES public.django_site(id) DEFERRABLE INITIALLY DEFERRED;


--
-- TOC entry 3113 (class 2606 OID 61892)
-- Name: socialaccount_socialapp_sites socialaccount_social_socialapp_id_97fb6e7d_fk_socialacc; Type: FK CONSTRAINT; Schema: public; Owner: postgres
--

ALTER TABLE ONLY public.socialaccount_socialapp_sites
    ADD CONSTRAINT socialaccount_social_socialapp_id_97fb6e7d_fk_socialacc FOREIGN KEY (socialapp_id) REFERENCES public.socialaccount_socialapp(id) DEFERRABLE INITIALLY DEFERRED;


--
-- TOC entry 3112 (class 2606 OID 61884)
-- Name: socialaccount_socialaccount socialaccount_socialaccount_user_id_8146e70c_fk_users_user_id; Type: FK CONSTRAINT; Schema: public; Owner: postgres
--

ALTER TABLE ONLY public.socialaccount_socialaccount
    ADD CONSTRAINT socialaccount_socialaccount_user_id_8146e70c_fk_users_user_id FOREIGN KEY (user_id) REFERENCES public.users_user(id) DEFERRABLE INITIALLY DEFERRED;


--
-- TOC entry 3119 (class 2606 OID 61971)
-- Name: subscriptions_history subscriptions_histor_updated_subscription_50ee0011_fk_auth_grou; Type: FK CONSTRAINT; Schema: public; Owner: postgres
--

ALTER TABLE ONLY public.subscriptions_history
    ADD CONSTRAINT subscriptions_histor_updated_subscription_50ee0011_fk_auth_grou FOREIGN KEY (updated_subscription_group_id) REFERENCES public.auth_group(id) DEFERRABLE INITIALLY DEFERRED;


--
-- TOC entry 3118 (class 2606 OID 61966)
-- Name: subscriptions_history subscriptions_history_admin_id_f35b404a_fk_users_user_id; Type: FK CONSTRAINT; Schema: public; Owner: postgres
--

ALTER TABLE ONLY public.subscriptions_history
    ADD CONSTRAINT subscriptions_history_admin_id_f35b404a_fk_users_user_id FOREIGN KEY (admin_id) REFERENCES public.users_user(id) DEFERRABLE INITIALLY DEFERRED;


--
-- TOC entry 3120 (class 2606 OID 61976)
-- Name: subscriptions_history subscriptions_history_user_id_c9ee86e0_fk_users_user_id; Type: FK CONSTRAINT; Schema: public; Owner: postgres
--

ALTER TABLE ONLY public.subscriptions_history
    ADD CONSTRAINT subscriptions_history_user_id_c9ee86e0_fk_users_user_id FOREIGN KEY (user_id) REFERENCES public.users_user(id) DEFERRABLE INITIALLY DEFERRED;


--
-- TOC entry 3117 (class 2606 OID 61960)
-- Name: subscriptions_plan subscriptions_plan_product_id_8a2614e5_fk_store_product_id; Type: FK CONSTRAINT; Schema: public; Owner: postgres
--

ALTER TABLE ONLY public.subscriptions_plan
    ADD CONSTRAINT subscriptions_plan_product_id_8a2614e5_fk_store_product_id FOREIGN KEY (product_id) REFERENCES public.store_product(id) DEFERRABLE INITIALLY DEFERRED;


--
-- TOC entry 3122 (class 2606 OID 61991)
-- Name: subscriptions_subscription subscriptions_subscr_plan_id_2c895107_fk_subscript; Type: FK CONSTRAINT; Schema: public; Owner: postgres
--

ALTER TABLE ONLY public.subscriptions_subscription
    ADD CONSTRAINT subscriptions_subscr_plan_id_2c895107_fk_subscript FOREIGN KEY (plan_id) REFERENCES public.subscriptions_plan(id) DEFERRABLE INITIALLY DEFERRED;


--
-- TOC entry 3123 (class 2606 OID 61996)
-- Name: subscriptions_subscription subscriptions_subscr_product_id_f0ba9784_fk_store_pro; Type: FK CONSTRAINT; Schema: public; Owner: postgres
--

ALTER TABLE ONLY public.subscriptions_subscription
    ADD CONSTRAINT subscriptions_subscr_product_id_f0ba9784_fk_store_pro FOREIGN KEY (product_id) REFERENCES public.store_product(id) DEFERRABLE INITIALLY DEFERRED;


--
-- TOC entry 3121 (class 2606 OID 61986)
-- Name: subscriptions_subscription subscriptions_subscription_group_id_d977a490_fk_auth_group_id; Type: FK CONSTRAINT; Schema: public; Owner: postgres
--

ALTER TABLE ONLY public.subscriptions_subscription
    ADD CONSTRAINT subscriptions_subscription_group_id_d977a490_fk_auth_group_id FOREIGN KEY (group_id) REFERENCES public.auth_group(id) DEFERRABLE INITIALLY DEFERRED;


--
-- TOC entry 3124 (class 2606 OID 62001)
-- Name: subscriptions_subscription subscriptions_subscription_user_id_a353e93d_fk_users_user_id; Type: FK CONSTRAINT; Schema: public; Owner: postgres
--

ALTER TABLE ONLY public.subscriptions_subscription
    ADD CONSTRAINT subscriptions_subscription_user_id_a353e93d_fk_users_user_id FOREIGN KEY (user_id) REFERENCES public.users_user(id) DEFERRABLE INITIALLY DEFERRED;


--
-- TOC entry 3100 (class 2606 OID 61667)
-- Name: users_user_groups users_user_groups_group_id_9afc8d0e_fk_auth_group_id; Type: FK CONSTRAINT; Schema: public; Owner: postgres
--

ALTER TABLE ONLY public.users_user_groups
    ADD CONSTRAINT users_user_groups_group_id_9afc8d0e_fk_auth_group_id FOREIGN KEY (group_id) REFERENCES public.auth_group(id) DEFERRABLE INITIALLY DEFERRED;


--
-- TOC entry 3099 (class 2606 OID 61662)
-- Name: users_user_groups users_user_groups_user_id_5f6f5a90_fk_users_user_id; Type: FK CONSTRAINT; Schema: public; Owner: postgres
--

ALTER TABLE ONLY public.users_user_groups
    ADD CONSTRAINT users_user_groups_user_id_5f6f5a90_fk_users_user_id FOREIGN KEY (user_id) REFERENCES public.users_user(id) DEFERRABLE INITIALLY DEFERRED;


--
-- TOC entry 3104 (class 2606 OID 61693)
-- Name: users_user_profile users_user_profile_category_id_562f73a5_fk_users_category_id; Type: FK CONSTRAINT; Schema: public; Owner: postgres
--

ALTER TABLE ONLY public.users_user_profile
    ADD CONSTRAINT users_user_profile_category_id_562f73a5_fk_users_category_id FOREIGN KEY (category_id) REFERENCES public.users_category(id) DEFERRABLE INITIALLY DEFERRED;


--
-- TOC entry 3103 (class 2606 OID 61688)
-- Name: users_user_profile users_user_profile_user_id_c0f3ff8b_fk_users_user_id; Type: FK CONSTRAINT; Schema: public; Owner: postgres
--

ALTER TABLE ONLY public.users_user_profile
    ADD CONSTRAINT users_user_profile_user_id_c0f3ff8b_fk_users_user_id FOREIGN KEY (user_id) REFERENCES public.users_user(id) DEFERRABLE INITIALLY DEFERRED;


--
-- TOC entry 3102 (class 2606 OID 61681)
-- Name: users_user_user_permissions users_user_user_perm_permission_id_0b93982e_fk_auth_perm; Type: FK CONSTRAINT; Schema: public; Owner: postgres
--

ALTER TABLE ONLY public.users_user_user_permissions
    ADD CONSTRAINT users_user_user_perm_permission_id_0b93982e_fk_auth_perm FOREIGN KEY (permission_id) REFERENCES public.auth_permission(id) DEFERRABLE INITIALLY DEFERRED;


--
-- TOC entry 3101 (class 2606 OID 61676)
-- Name: users_user_user_permissions users_user_user_permissions_user_id_20aca447_fk_users_user_id; Type: FK CONSTRAINT; Schema: public; Owner: postgres
--

ALTER TABLE ONLY public.users_user_user_permissions
    ADD CONSTRAINT users_user_user_permissions_user_id_20aca447_fk_users_user_id FOREIGN KEY (user_id) REFERENCES public.users_user(id) DEFERRABLE INITIALLY DEFERRED;


-- Completed on 2024-08-01 09:46:48

--
-- PostgreSQL database dump complete
--

